schema_version,controller,controller_kind,controller_alias,model,policy_only,separate_reporting,group,case_id,case_uid,track,official_circuit,benchmark_task,seed,seed_role,referee_status,evaluation_end_reason,finished,completed_gates,expected_gates,full_completion,official_time_s,penalized_time_s,penalties_s,time_per_gate_s,collision_events,obstacle_collision_events,collision_frames,collision_episode,out_of_bounds_events,out_of_bounds_frames,out_of_bounds_episode,wrong_direction_crossings,wrong_direction_episode,missed_gate_attempts,stuck_events,any_safety_event,previous_gate_returns,previous_gate_returns_controller,timeout,path_length_m,steps,mean_inference_ms,wall_s,adapter_used,dt,current_profile,max_duration_s,mean_abs_sway_action,mean_abs_yaw_action,mean_action_jerk,action_oscillation_rate,action_saturation,actions_finite,trajectory_path,video_path,video_frames
final_benchmark_episode_v1,bc_v3,bc,rl_multigate_controller,results/rl/multigate_longrun/bc_v3_balanced_v2_20260728/bc_v3.pt,True,False,single_gate_retention,single_gate,single_gate_retention/single_gate,marine_race_arena/tracks/training/stage1_single_gate.json,False,,21200,reused,FINISHED,FINISHED,True,1,1,True,0.0,0.0,0.0,0.0,0,0,0,False,0,0,False,0,False,0,0,False,0,0,False,5.6498,140,90.2443,73.507,holoocean,0.1,none,120.0,0.020979413762688637,0.008283216506242752,0.029354633763432503,0.0,0.0,True,results/rl/final_benchmark/reliability_first_20260731/artifacts/bc_v3__single_gate_retention__single_gate__seed21200.trajectory.json,,
final_benchmark_episode_v1,hybrid,hybrid,hybrid_gate_controller,results/rl_public/stage1/bc/model/best_model.pt,False,True,single_gate_retention,single_gate,single_gate_retention/single_gate,marine_race_arena/tracks/training/stage1_single_gate.json,False,,21200,reused,FINISHED,FINISHED,True,1,1,True,0.0,0.0,0.0,0.0,0,0,0,False,0,0,False,0,False,0,0,False,0,,False,5.5882,119,129.5432,79.061,holoocean,0.1,none,120.0,0.003003322286531329,0.0014228267828002572,0.025931868702173233,0.0,0.0,True,results/rl/final_benchmark/reliability_first_20260731/artifacts/hybrid__single_gate_retention__single_gate__seed21200.trajectory.json,,
final_benchmark_episode_v1,ppo_1000814,ppo,rl_multigate_controller,results\rl\multigate_reliability_first\r2_reliability_first_seed23001_c3_recovery_476525\checkpoints\ppo_1000814_steps.zip,True,False,single_gate_retention,single_gate,single_gate_retention/single_gate,marine_race_arena/tracks/training/stage1_single_gate.json,False,,21200,reused,FINISHED,FINISHED,True,1,1,True,0.0,0.0,0.0,0.0,0,0,0,False,0,0,False,0,False,0,0,False,0,0,False,5.8586,88,50.263,43.782,holoocean,0.1,none,120.0,0.014121998101472855,0.013649377040565014,0.047590408474206924,0.0,0.0,True,results/rl/final_benchmark/reliability_first_20260731/artifacts/ppo_1000814__single_gate_retention__single_gate__seed21200.trajectory.json,,
final_benchmark_episode_v1,ppo_525678,ppo,rl_multigate_controller,results\rl\multigate_reliability_first\r2_reliability_first_seed23001_c3_recovery_476525\checkpoints\ppo_525678_steps.zip,True,False,single_gate_retention,single_gate,single_gate_retention/single_gate,marine_race_arena/tracks/training/stage1_single_gate.json,False,,21200,reused,FINISHED,FINISHED,True,1,1,True,0.0,0.0,0.0,0.0,0,0,0,False,0,0,False,0,False,0,0,False,0,0,False,5.909,78,48.6744,42.177,holoocean,0.1,none,120.0,0.014736705459654331,0.012890191748738289,0.03873966261744499,0.0,0.0,True,results/rl/final_benchmark/reliability_first_20260731/artifacts/ppo_525678__single_gate_retention__single_gate__seed21200.trajectory.json,,
final_benchmark_episode_v1,ppo_900462,ppo,rl_multigate_controller,results\rl\multigate_reliability_first\r2_reliability_first_seed23001_c3_recovery_476525\checkpoints\ppo_900462_steps.zip,True,False,single_gate_retention,single_gate,single_gate_retention/single_gate,marine_race_arena/tracks/training/stage1_single_gate.json,False,,21200,reused,FINISHED,FINISHED,True,1,1,True,0.0,0.0,0.0,0.0,0,0,0,False,0,0,False,0,False,0,0,False,0,0,False,5.8782,90,50.4004,44.34,holoocean,0.1,none,120.0,0.01115967333316803,0.011652369052171707,0.040688835084438324,0.0,0.0,True,results/rl/final_benchmark/reliability_first_20260731/artifacts/ppo_900462__single_gate_retention__single_gate__seed21200.trajectory.json,,
final_benchmark_episode_v1,rule_gate_center_then_commit,rule,rule_gate_center_then_commit,,False,False,single_gate_retention,single_gate,single_gate_retention/single_gate,marine_race_arena/tracks/training/stage1_single_gate.json,False,,21200,reused,FINISHED,FINISHED,True,1,1,True,0.0,0.0,0.0,0.0,0,0,0,False,0,0,False,0,False,0,0,False,0,,False,5.6325,121,30.8281,68.875,holoocean,0.1,none,120.0,0.002913237549364567,0.0003638333291746676,0.026575157418847084,0.0,0.0,True,results/rl/final_benchmark/reliability_first_20260731/artifacts/rule_gate_center_then_commit__single_gate_retention__single_gate__seed21200.trajectory.json,,
final_benchmark_episode_v1,bc_v3,bc,rl_multigate_controller,results/rl/multigate_longrun/bc_v3_balanced_v2_20260728/bc_v3.pt,True,False,single_gate_retention,single_gate,single_gate_retention/single_gate,marine_race_arena/tracks/training/stage1_single_gate.json,False,,21201,reused,FINISHED,FINISHED,True,1,1,True,0.0,0.0,0.0,0.0,0,0,0,False,0,0,False,0,False,0,0,False,0,0,False,5.6652,142,54.588,79.256,holoocean,0.1,none,120.0,0.017890244722366333,0.017559615895152092,0.035969868302345276,0.0,0.0,True,results/rl/final_benchmark/reliability_first_20260731/artifacts/bc_v3__single_gate_retention__single_gate__seed21201.trajectory.json,,
final_benchmark_episode_v1,hybrid,hybrid,hybrid_gate_controller,results/rl_public/stage1/bc/model/best_model.pt,False,True,single_gate_retention,single_gate,single_gate_retention/single_gate,marine_race_arena/tracks/training/stage1_single_gate.json,False,,21201,reused,FINISHED,FINISHED,True,1,1,True,0.0,0.0,0.0,0.0,0,0,0,False,0,0,False,0,False,0,0,False,0,,False,5.6389,118,81.9998,71.455,holoocean,0.1,none,120.0,0.004432253073900938,0.0003367760218679905,0.021908903494477272,0.0,0.0,True,results/rl/final_benchmark/reliability_first_20260731/artifacts/hybrid__single_gate_retention__single_gate__seed21201.trajectory.json,,
final_benchmark_episode_v1,ppo_1000814,ppo,rl_multigate_controller,results\rl\multigate_reliability_first\r2_reliability_first_seed23001_c3_recovery_476525\checkpoints\ppo_1000814_steps.zip,True,False,single_gate_retention,single_gate,single_gate_retention/single_gate,marine_race_arena/tracks/training/stage1_single_gate.json,False,,21201,reused,FINISHED,FINISHED,True,1,1,True,0.0,0.0,0.0,0.0,0,0,0,False,0,0,False,0,False,0,0,False,0,0,False,5.8391,84,52.2636,47.47,holoocean,0.1,none,120.0,0.014044500887393951,0.012293769046664238,0.043655212968587875,0.0,0.0,True,results/rl/final_benchmark/reliability_first_20260731/artifacts/ppo_1000814__single_gate_retention__single_gate__seed21201.trajectory.json,,
final_benchmark_episode_v1,ppo_525678,ppo,rl_multigate_controller,results\rl\multigate_reliability_first\r2_reliability_first_seed23001_c3_recovery_476525\checkpoints\ppo_525678_steps.zip,True,False,single_gate_retention,single_gate,single_gate_retention/single_gate,marine_race_arena/tracks/training/stage1_single_gate.json,False,,21201,reused,FINISHED,FINISHED,True,1,1,True,0.0,0.0,0.0,0.0,0,0,0,False,0,0,False,0,False,0,0,False,0,0,False,5.8427,80,53.7143,48.064,holoocean,0.1,none,120.0,0.014413222670555115,0.014372224919497967,0.04464822635054588,0.0,0.0,True,results/rl/final_benchmark/reliability_first_20260731/artifacts/ppo_525678__single_gate_retention__single_gate__seed21201.trajectory.json,,
final_benchmark_episode_v1,ppo_900462,ppo,rl_multigate_controller,results\rl\multigate_reliability_first\r2_reliability_first_seed23001_c3_recovery_476525\checkpoints\ppo_900462_steps.zip,True,False,single_gate_retention,single_gate,single_gate_retention/single_gate,marine_race_arena/tracks/training/stage1_single_gate.json,False,,21201,reused,FINISHED,FINISHED,True,1,1,True,0.0,0.0,0.0,0.0,0,0,0,False,0,0,False,0,False,0,0,False,0,0,False,5.8635,86,51.4963,46.792,holoocean,0.1,none,120.0,0.011693784035742283,0.012202168814837933,0.03411093354225159,0.0,0.0,True,results/rl/final_benchmark/reliability_first_20260731/artifacts/ppo_900462__single_gate_retention__single_gate__seed21201.trajectory.json,,
final_benchmark_episode_v1,rule_gate_center_then_commit,rule,rule_gate_center_then_commit,,False,False,single_gate_retention,single_gate,single_gate_retention/single_gate,marine_race_arena/tracks/training/stage1_single_gate.json,False,,21201,reused,FINISHED,FINISHED,True,1,1,True,0.0,0.0,0.0,0.0,0,0,0,False,0,0,False,0,False,0,0,False,0,,False,5.656,125,26.6811,80.527,holoocean,0.1,none,120.0,0.00576762156561017,0.0007270061760209501,0.027686018496751785,0.0,0.0,True,results/rl/final_benchmark/reliability_first_20260731/artifacts/rule_gate_center_then_commit__single_gate_retention__single_gate__seed21201.trajectory.json,,
final_benchmark_episode_v1,bc_v3,bc,rl_multigate_controller,results/rl/multigate_longrun/bc_v3_balanced_v2_20260728/bc_v3.pt,True,False,single_gate_retention,single_gate,single_gate_retention/single_gate,marine_race_arena/tracks/training/stage1_single_gate.json,False,,21202,reused,FINISHED,FINISHED,True,1,1,True,0.0,0.0,0.0,0.0,0,0,0,False,0,0,False,0,False,0,0,False,0,0,False,6.4434,155,62.261,92.353,holoocean,0.1,none,120.0,0.01472460851073265,0.021285124123096466,0.04353587329387665,0.0,0.0,True,results/rl/final_benchmark/reliability_first_20260731/artifacts/bc_v3__single_gate_retention__single_gate__seed21202.trajectory.json,,
final_benchmark_episode_v1,hybrid,hybrid,hybrid_gate_controller,results/rl_public/stage1/bc/model/best_model.pt,False,True,single_gate_retention,single_gate,single_gate_retention/single_gate,marine_race_arena/tracks/training/stage1_single_gate.json,False,,21202,reused,FINISHED,FINISHED,True,1,1,True,0.0,0.0,0.0,0.0,0,0,0,False,0,0,False,0,False,0,0,False,0,,False,5.6338,117,101.6991,83.466,holoocean,0.1,none,120.0,0.0030414978973567486,0.0004281056462787092,0.023030515760183334,0.0,0.0,True,results/rl/final_benchmark/reliability_first_20260731/artifacts/hybrid__single_gate_retention__single_gate__seed21202.trajectory.json,,
final_benchmark_episode_v1,ppo_1000814,ppo,rl_multigate_controller,results\rl\multigate_reliability_first\r2_reliability_first_seed23001_c3_recovery_476525\checkpoints\ppo_1000814_steps.zip,True,False,single_gate_retention,single_gate,single_gate_retention/single_gate,marine_race_arena/tracks/training/stage1_single_gate.json,False,,21202,reused,FINISHED,FINISHED,True,1,1,True,0.0,0.0,0.0,0.0,0,0,0,False,0,0,False,0,False,0,0,False,0,0,False,5.8378,84,49.3256,43.394,holoocean,0.1,none,120.0,0.01436346024274826,0.012346763163805008,0.04368789494037628,0.0,0.0,True,results/rl/final_benchmark/reliability_first_20260731/artifacts/ppo_1000814__single_gate_retention__single_gate__seed21202.trajectory.json,,
final_benchmark_episode_v1,ppo_525678,ppo,rl_multigate_controller,results\rl\multigate_reliability_first\r2_reliability_first_seed23001_c3_recovery_476525\checkpoints\ppo_525678_steps.zip,True,False,single_gate_retention,single_gate,single_gate_retention/single_gate,marine_race_arena/tracks/training/stage1_single_gate.json,False,,21202,reused,FINISHED,FINISHED,True,1,1,True,0.0,0.0,0.0,0.0,0,0,0,False,0,0,False,0,False,0,0,False,0,0,False,5.8219,81,105.7298,37.602,holoocean,0.1,none,120.0,0.01507690642029047,0.015474122017621994,0.04617192596197128,0.0,0.0,True,results/rl/final_benchmark/reliability_first_20260731/artifacts/ppo_525678__single_gate_retention__single_gate__seed21202.trajectory.json,,
final_benchmark_episode_v1,ppo_900462,ppo,rl_multigate_controller,results\rl\multigate_reliability_first\r2_reliability_first_seed23001_c3_recovery_476525\checkpoints\ppo_900462_steps.zip,True,False,single_gate_retention,single_gate,single_gate_retention/single_gate,marine_race_arena/tracks/training/stage1_single_gate.json,False,,21202,reused,FINISHED,FINISHED,True,1,1,True,0.0,0.0,0.0,0.0,0,0,0,False,0,0,False,0,False,0,0,False,0,0,False,5.8615,88,49.007,43.43,holoocean,0.1,none,120.0,0.010793338529765606,0.01172994077205658,0.035517703741788864,0.0,0.0,True,results/rl/final_benchmark/reliability_first_20260731/artifacts/ppo_900462__single_gate_retention__single_gate__seed21202.trajectory.json,,
final_benchmark_episode_v1,rule_gate_center_then_commit,rule,rule_gate_center_then_commit,,False,False,single_gate_retention,single_gate,single_gate_retention/single_gate,marine_race_arena/tracks/training/stage1_single_gate.json,False,,21202,reused,FINISHED,FINISHED,True,1,1,True,0.0,0.0,0.0,0.0,0,0,0,False,0,0,False,0,False,0,0,False,0,,False,5.6815,137,30.0767,84.736,holoocean,0.1,none,120.0,0.008915993385016918,0.0035656089894473553,0.03602539747953415,0.0,0.0,True,results/rl/final_benchmark/reliability_first_20260731/artifacts/rule_gate_center_then_commit__single_gate_retention__single_gate__seed21202.trajectory.json,,
final_benchmark_episode_v1,bc_v3,bc,rl_multigate_controller,results/rl/multigate_longrun/bc_v3_balanced_v2_20260728/bc_v3.pt,True,False,single_gate_retention,single_gate,single_gate_retention/single_gate,marine_race_arena/tracks/training/stage1_single_gate.json,False,,21203,reused,FINISHED,FINISHED,True,1,1,True,0.0,0.0,0.0,0.0,0,0,0,False,0,0,False,0,False,0,0,False,0,0,False,6.3242,142,137.1958,80.26,holoocean,0.1,none,120.0,0.015225766226649284,0.02428310550749302,0.04153086617588997,0.0,0.0,True,results/rl/final_benchmark/reliability_first_20260731/artifacts/bc_v3__single_gate_retention__single_gate__seed21203.trajectory.json,,
final_benchmark_episode_v1,hybrid,hybrid,hybrid_gate_controller,results/rl_public/stage1/bc/model/best_model.pt,False,True,single_gate_retention,single_gate,single_gate_retention/single_gate,marine_race_arena/tracks/training/stage1_single_gate.json,False,,21203,reused,FINISHED,FINISHED,True,1,1,True,0.0,0.0,0.0,0.0,0,0,0,False,0,0,False,0,False,0,0,False,0,,False,5.6415,123,180.3286,84.487,holoocean,0.1,none,120.0,0.00872324500232935,0.0015554740093648434,0.030382774770259857,0.0,0.0,True,results/rl/final_benchmark/reliability_first_20260731/artifacts/hybrid__single_gate_retention__single_gate__seed21203.trajectory.json,,
final_benchmark_episode_v1,ppo_1000814,ppo,rl_multigate_controller,results\rl\multigate_reliability_first\r2_reliability_first_seed23001_c3_recovery_476525\checkpoints\ppo_1000814_steps.zip,True,False,single_gate_retention,single_gate,single_gate_retention/single_gate,marine_race_arena/tracks/training/stage1_single_gate.json,False,,21203,reused,FINISHED,FINISHED,True,1,1,True,0.0,0.0,0.0,0.0,0,0,0,False,0,0,False,0,False,0,0,False,0,0,False,5.8586,88,51.4364,32.222,holoocean,0.1,none,120.0,0.01412191428244114,0.013649284839630127,0.0475894920527935,0.0,0.0,True,results/rl/final_benchmark/reliability_first_20260731/artifacts/ppo_1000814__single_gate_retention__single_gate__seed21203.trajectory.json,,
final_benchmark_episode_v1,ppo_525678,ppo,rl_multigate_controller,results\rl\multigate_reliability_first\r2_reliability_first_seed23001_c3_recovery_476525\checkpoints\ppo_525678_steps.zip,True,False,single_gate_retention,single_gate,single_gate_retention/single_gate,marine_race_arena/tracks/training/stage1_single_gate.json,False,,21203,reused,FINISHED,FINISHED,True,1,1,True,0.0,0.0,0.0,0.0,0,0,0,False,0,0,False,0,False,0,0,False,0,0,False,5.8958,78,52.3919,29.476,holoocean,0.1,none,120.0,0.014368326403200626,0.012601030059158802,0.03866974636912346,0.0,0.0,True,results/rl/final_benchmark/reliability_first_20260731/artifacts/ppo_525678__single_gate_retention__single_gate__seed21203.trajectory.json,,
final_benchmark_episode_v1,ppo_900462,ppo,rl_multigate_controller,results\rl\multigate_reliability_first\r2_reliability_first_seed23001_c3_recovery_476525\checkpoints\ppo_900462_steps.zip,True,False,single_gate_retention,single_gate,single_gate_retention/single_gate,marine_race_arena/tracks/training/stage1_single_gate.json,False,,21203,reused,FINISHED,FINISHED,True,1,1,True,0.0,0.0,0.0,0.0,0,0,0,False,0,0,False,0,False,0,0,False,0,0,False,5.8606,89,49.6047,32.299,holoocean,0.1,none,120.0,0.010097653605043888,0.010695243254303932,0.03893338143825531,0.0,0.0,True,results/rl/final_benchmark/reliability_first_20260731/artifacts/ppo_900462__single_gate_retention__single_gate__seed21203.trajectory.json,,
final_benchmark_episode_v1,rule_gate_center_then_commit,rule,rule_gate_center_then_commit,,False,False,single_gate_retention,single_gate,single_gate_retention/single_gate,marine_race_arena/tracks/training/stage1_single_gate.json,False,,21203,reused,FINISHED,FINISHED,True,1,1,True,0.0,0.0,0.0,0.0,0,0,0,False,0,0,False,0,False,0,0,False,0,,False,5.6592,125,31.1246,81.342,holoocean,0.1,none,120.0,0.006700653117150068,0.0022223531268537045,0.03093721903860569,0.0,0.0,True,results/rl/final_benchmark/reliability_first_20260731/artifacts/rule_gate_center_then_commit__single_gate_retention__single_gate__seed21203.trajectory.json,,
final_benchmark_episode_v1,bc_v3,bc,rl_multigate_controller,results/rl/multigate_longrun/bc_v3_balanced_v2_20260728/bc_v3.pt,True,False,single_gate_retention,single_gate,single_gate_retention/single_gate,marine_race_arena/tracks/training/stage1_single_gate.json,False,,27000,holdout,FINISHED,FINISHED,True,1,1,True,0.0,0.0,0.0,0.0,0,0,0,False,0,0,False,0,False,0,0,False,0,0,False,5.7064,140,66.5907,86.676,holoocean,0.1,none,120.0,0.0184125155210495,0.014108334667980671,0.03622031211853027,0.0,0.0,True,results/rl/final_benchmark/reliability_first_20260731/artifacts/bc_v3__single_gate_retention__single_gate__seed27000.trajectory.json,,
final_benchmark_episode_v1,hybrid,hybrid,hybrid_gate_controller,results/rl_public/stage1/bc/model/best_model.pt,False,True,single_gate_retention,single_gate,single_gate_retention/single_gate,marine_race_arena/tracks/training/stage1_single_gate.json,False,,27000,holdout,FINISHED,FINISHED,True,1,1,True,0.0,0.0,0.0,0.0,0,0,0,False,0,0,False,0,False,0,0,False,0,,False,5.6389,118,89.4067,85.898,holoocean,0.1,none,120.0,0.004432253073900938,0.0003367760218679905,0.021908903494477272,0.0,0.0,True,results/rl/final_benchmark/reliability_first_20260731/artifacts/hybrid__single_gate_retention__single_gate__seed27000.trajectory.json,,
final_benchmark_episode_v1,ppo_1000814,ppo,rl_multigate_controller,results\rl\multigate_reliability_first\r2_reliability_first_seed23001_c3_recovery_476525\checkpoints\ppo_1000814_steps.zip,True,False,single_gate_retention,single_gate,single_gate_retention/single_gate,marine_race_arena/tracks/training/stage1_single_gate.json,False,,27000,holdout,FINISHED,FINISHED,True,1,1,True,0.0,0.0,0.0,0.0,0,0,0,False,0,0,False,0,False,0,0,False,0,0,False,5.8586,88,51.4118,31.837,holoocean,0.1,none,120.0,0.01412191428244114,0.013649284839630127,0.0475894920527935,0.0,0.0,True,results/rl/final_benchmark/reliability_first_20260731/artifacts/ppo_1000814__single_gate_retention__single_gate__seed27000.trajectory.json,,
final_benchmark_episode_v1,ppo_525678,ppo,rl_multigate_controller,results\rl\multigate_reliability_first\r2_reliability_first_seed23001_c3_recovery_476525\checkpoints\ppo_525678_steps.zip,True,False,single_gate_retention,single_gate,single_gate_retention/single_gate,marine_race_arena/tracks/training/stage1_single_gate.json,False,,27000,holdout,FINISHED,FINISHED,True,1,1,True,0.0,0.0,0.0,0.0,0,0,0,False,0,0,False,0,False,0,0,False,0,0,False,5.8887,78,53.155,31.261,holoocean,0.1,none,120.0,0.01625899225473404,0.012610784731805325,0.03925167769193649,0.0,0.0,True,results/rl/final_benchmark/reliability_first_20260731/artifacts/ppo_525678__single_gate_retention__single_gate__seed27000.trajectory.json,,
final_benchmark_episode_v1,ppo_900462,ppo,rl_multigate_controller,results\rl\multigate_reliability_first\r2_reliability_first_seed23001_c3_recovery_476525\checkpoints\ppo_900462_steps.zip,True,False,single_gate_retention,single_gate,single_gate_retention/single_gate,marine_race_arena/tracks/training/stage1_single_gate.json,False,,27000,holdout,FINISHED,FINISHED,True,1,1,True,0.0,0.0,0.0,0.0,0,0,0,False,0,0,False,0,False,0,0,False,0,0,False,5.8332,87,49.9192,32.694,holoocean,0.1,none,120.0,0.010611598379909992,0.01143953949213028,0.03446173667907715,0.0,0.0,True,results/rl/final_benchmark/reliability_first_20260731/artifacts/ppo_900462__single_gate_retention__single_gate__seed27000.trajectory.json,,
final_benchmark_episode_v1,rule_gate_center_then_commit,rule,rule_gate_center_then_commit,,False,False,single_gate_retention,single_gate,single_gate_retention/single_gate,marine_race_arena/tracks/training/stage1_single_gate.json,False,,27000,holdout,FINISHED,FINISHED,True,1,1,True,0.0,0.0,0.0,0.0,0,0,0,False,0,0,False,0,False,0,0,False,0,,False,5.656,125,28.2917,83.128,holoocean,0.1,none,120.0,0.00576762156561017,0.0007270061760209501,0.027686018496751785,0.0,0.0,True,results/rl/final_benchmark/reliability_first_20260731/artifacts/rule_gate_center_then_commit__single_gate_retention__single_gate__seed27000.trajectory.json,,
final_benchmark_episode_v1,bc_v3,bc,rl_multigate_controller,results/rl/multigate_longrun/bc_v3_balanced_v2_20260728/bc_v3.pt,True,False,single_gate_retention,single_gate,single_gate_retention/single_gate,marine_race_arena/tracks/training/stage1_single_gate.json,False,,27001,holdout,FINISHED,FINISHED,True,1,1,True,0.0,0.0,0.0,0.0,0,0,0,False,0,0,False,0,False,0,0,False,0,0,False,6.3936,167,57.016,75.223,holoocean,0.1,none,120.0,0.016705835238099098,0.020079927518963814,0.047512978315353394,0.0,0.0,True,results/rl/final_benchmark/reliability_first_20260731/artifacts/bc_v3__single_gate_retention__single_gate__seed27001.trajectory.json,,
final_benchmark_episode_v1,hybrid,hybrid,hybrid_gate_controller,results/rl_public/stage1/bc/model/best_model.pt,False,True,single_gate_retention,single_gate,single_gate_retention/single_gate,marine_race_arena/tracks/training/stage1_single_gate.json,False,,27001,holdout,FINISHED,FINISHED,True,1,1,True,0.0,0.0,0.0,0.0,0,0,0,False,0,0,False,0,False,0,0,False,0,,False,5.6338,117,87.7731,65.691,holoocean,0.1,none,120.0,0.0030414978973567486,0.0004281056462787092,0.023030515760183334,0.0,0.0,True,results/rl/final_benchmark/reliability_first_20260731/artifacts/hybrid__single_gate_retention__single_gate__seed27001.trajectory.json,,
final_benchmark_episode_v1,ppo_1000814,ppo,rl_multigate_controller,results\rl\multigate_reliability_first\r2_reliability_first_seed23001_c3_recovery_476525\checkpoints\ppo_1000814_steps.zip,True,False,single_gate_retention,single_gate,single_gate_retention/single_gate,marine_race_arena/tracks/training/stage1_single_gate.json,False,,27001,holdout,FINISHED,FINISHED,True,1,1,True,0.0,0.0,0.0,0.0,0,0,0,False,0,0,False,0,False,0,0,False,0,0,False,5.8672,85,48.9274,31.176,holoocean,0.1,none,120.0,0.012585255317389965,0.013879282400012016,0.04443863779306412,0.0,0.0,True,results/rl/final_benchmark/reliability_first_20260731/artifacts/ppo_1000814__single_gate_retention__single_gate__seed27001.trajectory.json,,
final_benchmark_episode_v1,ppo_525678,ppo,rl_multigate_controller,results\rl\multigate_reliability_first\r2_reliability_first_seed23001_c3_recovery_476525\checkpoints\ppo_525678_steps.zip,True,False,single_gate_retention,single_gate,single_gate_retention/single_gate,marine_race_arena/tracks/training/stage1_single_gate.json,False,,27001,holdout,FINISHED,FINISHED,True,1,1,True,0.0,0.0,0.0,0.0,0,0,0,False,0,0,False,0,False,0,0,False,0,0,False,5.9013,78,48.8302,29.769,holoocean,0.1,none,120.0,0.015221419744193554,0.012989437207579613,0.03731497377157211,0.0,0.0,True,results/rl/final_benchmark/reliability_first_20260731/artifacts/ppo_525678__single_gate_retention__single_gate__seed27001.trajectory.json,,
final_benchmark_episode_v1,ppo_900462,ppo,rl_multigate_controller,results\rl\multigate_reliability_first\r2_reliability_first_seed23001_c3_recovery_476525\checkpoints\ppo_900462_steps.zip,True,False,single_gate_retention,single_gate,single_gate_retention/single_gate,marine_race_arena/tracks/training/stage1_single_gate.json,False,,27001,holdout,FINISHED,FINISHED,True,1,1,True,0.0,0.0,0.0,0.0,0,0,0,False,0,0,False,0,False,0,0,False,0,0,False,5.8238,87,48.2504,32.57,holoocean,0.1,none,120.0,0.010762985795736313,0.011185422539710999,0.03454674407839775,0.0,0.0,True,results/rl/final_benchmark/reliability_first_20260731/artifacts/ppo_900462__single_gate_retention__single_gate__seed27001.trajectory.json,,
final_benchmark_episode_v1,rule_gate_center_then_commit,rule,rule_gate_center_then_commit,,False,False,single_gate_retention,single_gate,single_gate_retention/single_gate,marine_race_arena/tracks/training/stage1_single_gate.json,False,,27001,holdout,FINISHED,FINISHED,True,1,1,True,0.0,0.0,0.0,0.0,0,0,0,False,0,0,False,0,False,0,0,False,0,,False,5.6325,121,27.4033,67.047,holoocean,0.1,none,120.0,0.002913237549364567,0.0003638333291746676,0.026575157418847084,0.0,0.0,True,results/rl/final_benchmark/reliability_first_20260731/artifacts/rule_gate_center_then_commit__single_gate_retention__single_gate__seed27001.trajectory.json,,
final_benchmark_episode_v1,bc_v3,bc,rl_multigate_controller,results/rl/multigate_longrun/bc_v3_balanced_v2_20260728/bc_v3.pt,True,False,single_gate_retention,single_gate,single_gate_retention/single_gate,marine_race_arena/tracks/training/stage1_single_gate.json,False,,27002,holdout,FINISHED,FINISHED,True,1,1,True,0.0,0.0,0.0,0.0,0,0,0,False,0,0,False,0,False,0,0,False,0,0,False,5.6908,128,55.9888,86.577,holoocean,0.1,none,120.0,0.015267949551343918,0.014184180647134781,0.03502378612756729,0.0,0.0,True,results/rl/final_benchmark/reliability_first_20260731/artifacts/bc_v3__single_gate_retention__single_gate__seed27002.trajectory.json,,
final_benchmark_episode_v1,hybrid,hybrid,hybrid_gate_controller,results/rl_public/stage1/bc/model/best_model.pt,False,True,single_gate_retention,single_gate,single_gate_retention/single_gate,marine_race_arena/tracks/training/stage1_single_gate.json,False,,27002,holdout,FINISHED,FINISHED,True,1,1,True,0.0,0.0,0.0,0.0,0,0,0,False,0,0,False,0,False,0,0,False,0,,False,5.6389,118,146.8188,74.998,holoocean,0.1,none,120.0,0.004432253073900938,0.0003367760218679905,0.021908903494477272,0.0,0.0,True,results/rl/final_benchmark/reliability_first_20260731/artifacts/hybrid__single_gate_retention__single_gate__seed27002.trajectory.json,,
final_benchmark_episode_v1,ppo_1000814,ppo,rl_multigate_controller,results\rl\multigate_reliability_first\r2_reliability_first_seed23001_c3_recovery_476525\checkpoints\ppo_1000814_steps.zip,True,False,single_gate_retention,single_gate,single_gate_retention/single_gate,marine_race_arena/tracks/training/stage1_single_gate.json,False,,27002,holdout,FINISHED,FINISHED,True,1,1,True,0.0,0.0,0.0,0.0,0,0,0,False,0,0,False,0,False,0,0,False,0,0,False,5.8586,88,48.9591,32.186,holoocean,0.1,none,120.0,0.014121404848992825,0.01364933606237173,0.047589872032403946,0.0,0.0,True,results/rl/final_benchmark/reliability_first_20260731/artifacts/ppo_1000814__single_gate_retention__single_gate__seed27002.trajectory.json,,
final_benchmark_episode_v1,ppo_525678,ppo,rl_multigate_controller,results\rl\multigate_reliability_first\r2_reliability_first_seed23001_c3_recovery_476525\checkpoints\ppo_525678_steps.zip,True,False,single_gate_retention,single_gate,single_gate_retention/single_gate,marine_race_arena/tracks/training/stage1_single_gate.json,False,,27002,holdout,FINISHED,FINISHED,True,1,1,True,0.0,0.0,0.0,0.0,0,0,0,False,0,0,False,0,False,0,0,False,0,0,False,5.8179,77,47.4573,29.641,holoocean,0.1,none,120.0,0.016092240810394287,0.01439707912504673,0.03674318268895149,0.0,0.0,True,results/rl/final_benchmark/reliability_first_20260731/artifacts/ppo_525678__single_gate_retention__single_gate__seed27002.trajectory.json,,
final_benchmark_episode_v1,ppo_900462,ppo,rl_multigate_controller,results\rl\multigate_reliability_first\r2_reliability_first_seed23001_c3_recovery_476525\checkpoints\ppo_900462_steps.zip,True,False,single_gate_retention,single_gate,single_gate_retention/single_gate,marine_race_arena/tracks/training/stage1_single_gate.json,False,,27002,holdout,FINISHED,FINISHED,True,1,1,True,0.0,0.0,0.0,0.0,0,0,0,False,0,0,False,0,False,0,0,False,0,0,False,5.8272,87,52.1674,31.326,holoocean,0.1,none,120.0,0.010542946867644787,0.011536548845469952,0.03438252583146095,0.0,0.0,True,results/rl/final_benchmark/reliability_first_20260731/artifacts/ppo_900462__single_gate_retention__single_gate__seed27002.trajectory.json,,
final_benchmark_episode_v1,rule_gate_center_then_commit,rule,rule_gate_center_then_commit,,False,False,single_gate_retention,single_gate,single_gate_retention/single_gate,marine_race_arena/tracks/training/stage1_single_gate.json,False,,27002,holdout,FINISHED,FINISHED,True,1,1,True,0.0,0.0,0.0,0.0,0,0,0,False,0,0,False,0,False,0,0,False,0,,False,5.6327,125,31.1559,78.674,holoocean,0.1,none,120.0,0.0016779793659225106,0.00021493570238817483,0.026743518188595772,0.0,0.0,True,results/rl/final_benchmark/reliability_first_20260731/artifacts/rule_gate_center_then_commit__single_gate_retention__single_gate__seed27002.trajectory.json,,
final_benchmark_episode_v1,bc_v3,bc,rl_multigate_controller,results/rl/multigate_longrun/bc_v3_balanced_v2_20260728/bc_v3.pt,True,False,single_gate_retention,single_gate,single_gate_retention/single_gate,marine_race_arena/tracks/training/stage1_single_gate.json,False,,27003,holdout,FINISHED,FINISHED,True,1,1,True,0.0,0.0,0.0,0.0,0,0,0,False,0,0,False,0,False,0,0,False,0,0,False,5.6232,140,67.5721,73.032,holoocean,0.1,none,120.0,0.021695977076888084,0.008508998900651932,0.02974989451467991,0.0,0.0,True,results/rl/final_benchmark/reliability_first_20260731/artifacts/bc_v3__single_gate_retention__single_gate__seed27003.trajectory.json,,
final_benchmark_episode_v1,hybrid,hybrid,hybrid_gate_controller,results/rl_public/stage1/bc/model/best_model.pt,False,True,single_gate_retention,single_gate,single_gate_retention/single_gate,marine_race_arena/tracks/training/stage1_single_gate.json,False,,27003,holdout,FINISHED,FINISHED,True,1,1,True,0.0,0.0,0.0,0.0,0,0,0,False,0,0,False,0,False,0,0,False,0,,False,5.6338,117,91.0036,64.042,holoocean,0.1,none,120.0,0.0030414978973567486,0.0004281056462787092,0.023030515760183334,0.0,0.0,True,results/rl/final_benchmark/reliability_first_20260731/artifacts/hybrid__single_gate_retention__single_gate__seed27003.trajectory.json,,
final_benchmark_episode_v1,ppo_1000814,ppo,rl_multigate_controller,results\rl\multigate_reliability_first\r2_reliability_first_seed23001_c3_recovery_476525\checkpoints\ppo_1000814_steps.zip,True,False,single_gate_retention,single_gate,single_gate_retention/single_gate,marine_race_arena/tracks/training/stage1_single_gate.json,False,,27003,holdout,FINISHED,FINISHED,True,1,1,True,0.0,0.0,0.0,0.0,0,0,0,False,0,0,False,0,False,0,0,False,0,0,False,5.8586,88,51.1112,32.985,holoocean,0.1,none,120.0,0.014121998101472855,0.013649377040565014,0.047590408474206924,0.0,0.0,True,results/rl/final_benchmark/reliability_first_20260731/artifacts/ppo_1000814__single_gate_retention__single_gate__seed27003.trajectory.json,,
final_benchmark_episode_v1,ppo_525678,ppo,rl_multigate_controller,results\rl\multigate_reliability_first\r2_reliability_first_seed23001_c3_recovery_476525\checkpoints\ppo_525678_steps.zip,True,False,single_gate_retention,single_gate,single_gate_retention/single_gate,marine_race_arena/tracks/training/stage1_single_gate.json,False,,27003,holdout,FINISHED,FINISHED,True,1,1,True,0.0,0.0,0.0,0.0,0,0,0,False,0,0,False,0,False,0,0,False,0,0,False,5.8865,77,47.2759,29.45,holoocean,0.1,none,120.0,0.015775199979543686,0.012672210112214088,0.036779675632715225,0.0,0.0,True,results/rl/final_benchmark/reliability_first_20260731/artifacts/ppo_525678__single_gate_retention__single_gate__seed27003.trajectory.json,,
final_benchmark_episode_v1,ppo_900462,ppo,rl_multigate_controller,results\rl\multigate_reliability_first\r2_reliability_first_seed23001_c3_recovery_476525\checkpoints\ppo_900462_steps.zip,True,False,single_gate_retention,single_gate,single_gate_retention/single_gate,marine_race_arena/tracks/training/stage1_single_gate.json,False,,27003,holdout,FINISHED,FINISHED,True,1,1,True,0.0,0.0,0.0,0.0,0,0,0,False,0,0,False,0,False,0,0,False,0,0,False,5.8754,88,48.514,32.419,holoocean,0.1,none,120.0,0.010804190300405025,0.01019785925745964,0.03504409268498421,0.0,0.0,True,results/rl/final_benchmark/reliability_first_20260731/artifacts/ppo_900462__single_gate_retention__single_gate__seed27003.trajectory.json,,
final_benchmark_episode_v1,rule_gate_center_then_commit,rule,rule_gate_center_then_commit,,False,False,single_gate_retention,single_gate,single_gate_retention/single_gate,marine_race_arena/tracks/training/stage1_single_gate.json,False,,27003,holdout,FINISHED,FINISHED,True,1,1,True,0.0,0.0,0.0,0.0,0,0,0,False,0,0,False,0,False,0,0,False,0,,False,5.6592,125,28.4834,63.614,holoocean,0.1,none,120.0,0.006700653117150068,0.0022223531268537045,0.03093721903860569,0.0,0.0,True,results/rl/final_benchmark/reliability_first_20260731/artifacts/rule_gate_center_then_commit__single_gate_retention__single_gate__seed27003.trajectory.json,,
final_benchmark_episode_v1,bc_v3,bc,rl_multigate_controller,results/rl/multigate_longrun/bc_v3_balanced_v2_20260728/bc_v3.pt,True,False,three_gate_s_shape,three_gate_s_curve,three_gate_s_shape/three_gate_s_curve,marine_race_arena/tracks/tests/three_gate_s_curve.json,False,,21304,reused,FINISHED,FINISHED,True,3,3,True,47.5,47.5,0.0,15.833333333333334,0,0,0,False,0,0,False,0,False,0,0,False,0,1,False,21.122,570,62.3348,200.4,holoocean,0.1,none,180.0,0.017174111679196358,0.025777488946914673,0.03015248291194439,0.0,0.0,True,results/rl/final_benchmark/reliability_first_20260731/artifacts/bc_v3__three_gate_s_shape__three_gate_s_curve__seed21304.trajectory.json,,
final_benchmark_episode_v1,hybrid,hybrid,hybrid_gate_controller,results/rl_public/stage1/bc/model/best_model.pt,False,True,three_gate_s_shape,three_gate_s_curve,three_gate_s_shape/three_gate_s_curve,marine_race_arena/tracks/tests/three_gate_s_curve.json,False,,21304,reused,FINISHED,FINISHED,True,3,3,True,47.5,47.5,0.0,15.833333333333334,0,0,0,False,0,0,False,0,False,0,0,False,0,,False,20.345,564,106.5544,217.099,holoocean,0.1,none,180.0,0.015719635412096977,0.018376901745796204,0.025449512526392937,0.0,0.0,True,results/rl/final_benchmark/reliability_first_20260731/artifacts/hybrid__three_gate_s_shape__three_gate_s_curve__seed21304.trajectory.json,,
final_benchmark_episode_v1,ppo_1000814,ppo,rl_multigate_controller,results\rl\multigate_reliability_first\r2_reliability_first_seed23001_c3_recovery_476525\checkpoints\ppo_1000814_steps.zip,True,False,three_gate_s_shape,three_gate_s_curve,three_gate_s_shape/three_gate_s_curve,marine_race_arena/tracks/tests/three_gate_s_curve.json,False,,21304,reused,FINISHED,FINISHED,True,3,3,True,44.9,144.9,100.0,14.966666666666667,20,0,191,True,0,0,False,0,False,0,0,True,0,1,False,19.6152,523,52.3682,98.322,holoocean,0.1,none,180.0,0.020928071811795235,0.06318070739507675,0.041876278817653656,0.0,0.0,True,results/rl/final_benchmark/reliability_first_20260731/artifacts/ppo_1000814__three_gate_s_shape__three_gate_s_curve__seed21304.trajectory.json,,
final_benchmark_episode_v1,ppo_525678,ppo,rl_multigate_controller,results\rl\multigate_reliability_first\r2_reliability_first_seed23001_c3_recovery_476525\checkpoints\ppo_525678_steps.zip,True,False,three_gate_s_shape,three_gate_s_curve,three_gate_s_shape/three_gate_s_curve,marine_race_arena/tracks/tests/three_gate_s_curve.json,False,,21304,reused,FINISHED,FINISHED,True,3,3,True,30.2,65.2,35.0,10.066666666666666,7,0,59,True,0,0,False,0,False,0,0,True,0,1,False,19.5114,370,50.2529,78.392,holoocean,0.1,none,180.0,0.02246803790330887,0.044162068516016006,0.049846306443214417,0.0,0.0,True,results/rl/final_benchmark/reliability_first_20260731/artifacts/ppo_525678__three_gate_s_shape__three_gate_s_curve__seed21304.trajectory.json,,
final_benchmark_episode_v1,ppo_900462,ppo,rl_multigate_controller,results\rl\multigate_reliability_first\r2_reliability_first_seed23001_c3_recovery_476525\checkpoints\ppo_900462_steps.zip,True,False,three_gate_s_shape,three_gate_s_curve,three_gate_s_shape/three_gate_s_curve,marine_race_arena/tracks/tests/three_gate_s_curve.json,False,,21304,reused,FINISHED,FINISHED,True,3,3,True,28.0,33.0,5.0,9.333333333333334,1,0,1,True,0,0,False,0,False,0,0,True,1,2,False,21.7174,416,50.4806,83.04,holoocean,0.1,none,180.0,0.03418157622218132,0.03740852326154709,0.045637406408786774,0.0,0.0,True,results/rl/final_benchmark/reliability_first_20260731/artifacts/ppo_900462__three_gate_s_shape__three_gate_s_curve__seed21304.trajectory.json,,
final_benchmark_episode_v1,rule_gate_center_then_commit,rule,rule_gate_center_then_commit,,False,False,three_gate_s_shape,three_gate_s_curve,three_gate_s_shape/three_gate_s_curve,marine_race_arena/tracks/tests/three_gate_s_curve.json,False,,21304,reused,FINISHED,FINISHED,True,3,3,True,45.5,45.5,0.0,15.166666666666666,0,0,0,False,0,0,False,0,False,0,0,False,0,,False,20.4968,552,29.2674,205.003,holoocean,0.1,none,180.0,0.014001979492604733,0.025429198518395424,0.024876555427908897,0.0,0.0,True,results/rl/final_benchmark/reliability_first_20260731/artifacts/rule_gate_center_then_commit__three_gate_s_shape__three_gate_s_curve__seed21304.trajectory.json,,
final_benchmark_episode_v1,bc_v3,bc,rl_multigate_controller,results/rl/multigate_longrun/bc_v3_balanced_v2_20260728/bc_v3.pt,True,False,three_gate_s_shape,three_gate_s_curve,three_gate_s_shape/three_gate_s_curve,marine_race_arena/tracks/tests/three_gate_s_curve.json,False,,21305,reused,DNF,REFEREE_TERMINAL,False,0,3,False,,,0.0,,0,0,0,False,0,0,False,0,False,1,0,False,0,0,False,11.0016,203,55.2849,95.121,holoocean,0.1,none,180.0,0.037301529198884964,0.02467852644622326,0.04386857524514198,0.0,0.0,True,results/rl/final_benchmark/reliability_first_20260731/artifacts/bc_v3__three_gate_s_shape__three_gate_s_curve__seed21305.trajectory.json,,
final_benchmark_episode_v1,hybrid,hybrid,hybrid_gate_controller,results/rl_public/stage1/bc/model/best_model.pt,False,True,three_gate_s_shape,three_gate_s_curve,three_gate_s_shape/three_gate_s_curve,marine_race_arena/tracks/tests/three_gate_s_curve.json,False,,21305,reused,FINISHED,FINISHED,True,3,3,True,38.599999999999994,38.599999999999994,0.0,12.866666666666665,0,0,0,False,0,0,False,0,False,0,0,False,0,,False,20.1102,472,108.0221,208.739,holoocean,0.1,none,180.0,0.01911131478846073,0.019089335575699806,0.020520135760307312,0.0,0.0,True,results/rl/final_benchmark/reliability_first_20260731/artifacts/hybrid__three_gate_s_shape__three_gate_s_curve__seed21305.trajectory.json,,
final_benchmark_episode_v1,ppo_1000814,ppo,rl_multigate_controller,results\rl\multigate_reliability_first\r2_reliability_first_seed23001_c3_recovery_476525\checkpoints\ppo_1000814_steps.zip,True,False,three_gate_s_shape,three_gate_s_curve,three_gate_s_shape/three_gate_s_curve,marine_race_arena/tracks/tests/three_gate_s_curve.json,False,,21305,reused,FINISHED,FINISHED,True,3,3,True,33.0,78.0,45.0,11.0,9,0,78,True,0,0,False,0,False,0,0,True,0,2,False,19.1678,399,52.2373,80.92,holoocean,0.1,none,180.0,0.022000741213560104,0.03805762901902199,0.042241647839546204,0.0,0.0,True,results/rl/final_benchmark/reliability_first_20260731/artifacts/ppo_1000814__three_gate_s_shape__three_gate_s_curve__seed21305.trajectory.json,,
final_benchmark_episode_v1,ppo_525678,ppo,rl_multigate_controller,results\rl\multigate_reliability_first\r2_reliability_first_seed23001_c3_recovery_476525\checkpoints\ppo_525678_steps.zip,True,False,three_gate_s_shape,three_gate_s_curve,three_gate_s_shape/three_gate_s_curve,marine_race_arena/tracks/tests/three_gate_s_curve.json,False,,21305,reused,FINISHED,FINISHED,True,3,3,True,31.6,31.6,0.0,10.533333333333333,0,0,0,False,0,0,False,0,False,0,0,False,0,1,False,24.7882,390,50.6313,78.344,holoocean,0.1,none,180.0,0.024708004668354988,0.02939043752849102,0.05058705806732178,0.0,0.0,True,results/rl/final_benchmark/reliability_first_20260731/artifacts/ppo_525678__three_gate_s_shape__three_gate_s_curve__seed21305.trajectory.json,,
final_benchmark_episode_v1,ppo_900462,ppo,rl_multigate_controller,results\rl\multigate_reliability_first\r2_reliability_first_seed23001_c3_recovery_476525\checkpoints\ppo_900462_steps.zip,True,False,three_gate_s_shape,three_gate_s_curve,three_gate_s_shape/three_gate_s_curve,marine_race_arena/tracks/tests/three_gate_s_curve.json,False,,21305,reused,FINISHED,FINISHED,True,3,3,True,30.800000000000004,35.800000000000004,5.0,10.266666666666667,1,0,1,True,0,0,False,0,False,0,0,True,0,1,False,19.8054,379,51.2628,76.939,holoocean,0.1,none,180.0,0.030856536701321602,0.03613698109984398,0.04609647020697594,0.0,0.0,True,results/rl/final_benchmark/reliability_first_20260731/artifacts/ppo_900462__three_gate_s_shape__three_gate_s_curve__seed21305.trajectory.json,,
final_benchmark_episode_v1,rule_gate_center_then_commit,rule,rule_gate_center_then_commit,,False,False,three_gate_s_shape,three_gate_s_curve,three_gate_s_shape/three_gate_s_curve,marine_race_arena/tracks/tests/three_gate_s_curve.json,False,,21305,reused,FINISHED,FINISHED,True,3,3,True,45.0,45.0,0.0,15.0,0,0,0,False,0,0,False,0,False,0,0,False,0,,False,20.7788,556,29.6767,220.083,holoocean,0.1,none,180.0,0.014600853435695171,0.024362267926335335,0.026496725156903267,0.0,0.0,True,results/rl/final_benchmark/reliability_first_20260731/artifacts/rule_gate_center_then_commit__three_gate_s_shape__three_gate_s_curve__seed21305.trajectory.json,,
final_benchmark_episode_v1,bc_v3,bc,rl_multigate_controller,results/rl/multigate_longrun/bc_v3_balanced_v2_20260728/bc_v3.pt,True,False,three_gate_s_shape,three_gate_s_curve,three_gate_s_shape/three_gate_s_curve,marine_race_arena/tracks/tests/three_gate_s_curve.json,False,,21306,reused,DNF,REFEREE_TERMINAL,False,0,3,False,,,0.0,,0,0,0,False,0,0,False,0,False,1,0,False,0,1,False,11.252,208,87.1466,103.053,holoocean,0.1,none,180.0,0.03243497386574745,0.022341934964060783,0.04368175193667412,0.0,0.0,True,results/rl/final_benchmark/reliability_first_20260731/artifacts/bc_v3__three_gate_s_shape__three_gate_s_curve__seed21306.trajectory.json,,
final_benchmark_episode_v1,hybrid,hybrid,hybrid_gate_controller,results/rl_public/stage1/bc/model/best_model.pt,False,True,three_gate_s_shape,three_gate_s_curve,three_gate_s_shape/three_gate_s_curve,marine_race_arena/tracks/tests/three_gate_s_curve.json,False,,21306,reused,FINISHED,FINISHED,True,3,3,True,36.4,36.4,0.0,12.133333333333333,0,0,0,False,0,0,False,0,False,0,0,False,0,,False,20.037,453,99.1255,187.035,holoocean,0.1,none,180.0,0.018437867984175682,0.019463850185275078,0.019586773589253426,0.0,0.0,True,results/rl/final_benchmark/reliability_first_20260731/artifacts/hybrid__three_gate_s_shape__three_gate_s_curve__seed21306.trajectory.json,,
final_benchmark_episode_v1,ppo_1000814,ppo,rl_multigate_controller,results\rl\multigate_reliability_first\r2_reliability_first_seed23001_c3_recovery_476525\checkpoints\ppo_1000814_steps.zip,True,False,three_gate_s_shape,three_gate_s_curve,three_gate_s_shape/three_gate_s_curve,marine_race_arena/tracks/tests/three_gate_s_curve.json,False,,21306,reused,FINISHED,FINISHED,True,3,3,True,32.199999999999996,37.199999999999996,5.0,10.733333333333333,1,0,13,True,0,0,False,0,False,0,0,True,0,3,False,23.2876,454,54.2514,89.705,holoocean,0.1,none,180.0,0.030998967587947845,0.035608455538749695,0.048292238265275955,0.0,0.0,True,results/rl/final_benchmark/reliability_first_20260731/artifacts/ppo_1000814__three_gate_s_shape__three_gate_s_curve__seed21306.trajectory.json,,
final_benchmark_episode_v1,ppo_525678,ppo,rl_multigate_controller,results\rl\multigate_reliability_first\r2_reliability_first_seed23001_c3_recovery_476525\checkpoints\ppo_525678_steps.zip,True,False,three_gate_s_shape,three_gate_s_curve,three_gate_s_shape/three_gate_s_curve,marine_race_arena/tracks/tests/three_gate_s_curve.json,False,,21306,reused,FINISHED,FINISHED,True,3,3,True,32.6,32.6,0.0,10.866666666666667,0,0,0,False,0,0,False,0,False,0,0,False,0,1,False,24.4157,393,50.563,80.497,holoocean,0.1,none,180.0,0.022870054468512535,0.03482770919799805,0.05288090929389,0.0,0.0,True,results/rl/final_benchmark/reliability_first_20260731/artifacts/ppo_525678__three_gate_s_shape__three_gate_s_curve__seed21306.trajectory.json,,
final_benchmark_episode_v1,ppo_900462,ppo,rl_multigate_controller,results\rl\multigate_reliability_first\r2_reliability_first_seed23001_c3_recovery_476525\checkpoints\ppo_900462_steps.zip,True,False,three_gate_s_shape,three_gate_s_curve,three_gate_s_shape/three_gate_s_curve,marine_race_arena/tracks/tests/three_gate_s_curve.json,False,,21306,reused,FINISHED,FINISHED,True,3,3,True,27.800000000000004,27.800000000000004,0.0,9.266666666666667,0,0,0,False,0,0,False,0,False,0,0,False,0,1,False,20.2328,356,51.1516,74.544,holoocean,0.1,none,180.0,0.03216059133410454,0.03147096186876297,0.04496284946799278,0.0,0.0,True,results/rl/final_benchmark/reliability_first_20260731/artifacts/ppo_900462__three_gate_s_shape__three_gate_s_curve__seed21306.trajectory.json,,
final_benchmark_episode_v1,rule_gate_center_then_commit,rule,rule_gate_center_then_commit,,False,False,three_gate_s_shape,three_gate_s_curve,three_gate_s_shape/three_gate_s_curve,marine_race_arena/tracks/tests/three_gate_s_curve.json,False,,21306,reused,FINISHED,FINISHED,True,3,3,True,47.6,47.6,0.0,15.866666666666667,0,0,0,False,0,0,False,0,False,0,0,False,0,,False,21.1263,575,29.8882,258.888,holoocean,0.1,none,180.0,0.01716744154691696,0.026049213483929634,0.02407572790980339,0.0,0.0,True,results/rl/final_benchmark/reliability_first_20260731/artifacts/rule_gate_center_then_commit__three_gate_s_shape__three_gate_s_curve__seed21306.trajectory.json,,
final_benchmark_episode_v1,bc_v3,bc,rl_multigate_controller,results/rl/multigate_longrun/bc_v3_balanced_v2_20260728/bc_v3.pt,True,False,three_gate_s_shape,three_gate_s_curve,three_gate_s_shape/three_gate_s_curve,marine_race_arena/tracks/tests/three_gate_s_curve.json,False,,21307,reused,FINISHED,FINISHED,True,3,3,True,43.199999999999996,138.2,95.0,14.399999999999999,19,0,165,True,0,0,False,0,False,0,0,True,0,1,False,16.2695,520,62.5498,237.657,holoocean,0.1,none,180.0,0.022509802132844925,0.037411876022815704,0.019730176776647568,0.0,0.0,True,results/rl/final_benchmark/reliability_first_20260731/artifacts/bc_v3__three_gate_s_shape__three_gate_s_curve__seed21307.trajectory.json,,
final_benchmark_episode_v1,hybrid,hybrid,hybrid_gate_controller,results/rl_public/stage1/bc/model/best_model.pt,False,True,three_gate_s_shape,three_gate_s_curve,three_gate_s_shape/three_gate_s_curve,marine_race_arena/tracks/tests/three_gate_s_curve.json,False,,21307,reused,FINISHED,FINISHED,True,3,3,True,39.1,39.1,0.0,13.033333333333333,0,0,0,False,0,0,False,0,False,0,0,False,0,,False,20.1759,480,130.3678,205.868,holoocean,0.1,none,180.0,0.016236798837780952,0.018363988026976585,0.024992123246192932,0.0,0.0,True,results/rl/final_benchmark/reliability_first_20260731/artifacts/hybrid__three_gate_s_shape__three_gate_s_curve__seed21307.trajectory.json,,
final_benchmark_episode_v1,ppo_1000814,ppo,rl_multigate_controller,results\rl\multigate_reliability_first\r2_reliability_first_seed23001_c3_recovery_476525\checkpoints\ppo_1000814_steps.zip,True,False,three_gate_s_shape,three_gate_s_curve,three_gate_s_shape/three_gate_s_curve,marine_race_arena/tracks/tests/three_gate_s_curve.json,False,,21307,reused,FINISHED,FINISHED,True,3,3,True,40.699999999999996,60.699999999999996,20.0,13.566666666666665,4,0,25,True,0,0,False,0,False,0,0,True,0,3,False,23.3877,478,53.5049,94.274,holoocean,0.1,none,180.0,0.03075903095304966,0.04263578727841377,0.046704187989234924,0.0,0.0,True,results/rl/final_benchmark/reliability_first_20260731/artifacts/ppo_1000814__three_gate_s_shape__three_gate_s_curve__seed21307.trajectory.json,,
final_benchmark_episode_v1,ppo_525678,ppo,rl_multigate_controller,results\rl\multigate_reliability_first\r2_reliability_first_seed23001_c3_recovery_476525\checkpoints\ppo_525678_steps.zip,True,False,three_gate_s_shape,three_gate_s_curve,three_gate_s_shape/three_gate_s_curve,marine_race_arena/tracks/tests/three_gate_s_curve.json,False,,21307,reused,FINISHED,FINISHED,True,3,3,True,33.199999999999996,38.199999999999996,5.0,11.066666666666665,1,0,1,True,0,0,False,0,False,0,0,True,0,2,False,24.1702,407,51.5149,84.564,holoocean,0.1,none,180.0,0.023038381710648537,0.03815758600831032,0.05157537758350372,0.0,0.0,True,results/rl/final_benchmark/reliability_first_20260731/artifacts/ppo_525678__three_gate_s_shape__three_gate_s_curve__seed21307.trajectory.json,,
final_benchmark_episode_v1,ppo_900462,ppo,rl_multigate_controller,results\rl\multigate_reliability_first\r2_reliability_first_seed23001_c3_recovery_476525\checkpoints\ppo_900462_steps.zip,True,False,three_gate_s_shape,three_gate_s_curve,three_gate_s_shape/three_gate_s_curve,marine_race_arena/tracks/tests/three_gate_s_curve.json,False,,21307,reused,DNF,REFEREE_TERMINAL,False,2,3,False,,,0.0,,0,0,0,False,0,0,False,0,False,1,0,False,0,1,False,12.7035,254,51.2244,59.218,holoocean,0.1,none,180.0,0.02842664159834385,0.03214159980416298,0.04380399361252785,0.0,0.0,True,results/rl/final_benchmark/reliability_first_20260731/artifacts/ppo_900462__three_gate_s_shape__three_gate_s_curve__seed21307.trajectory.json,,
final_benchmark_episode_v1,rule_gate_center_then_commit,rule,rule_gate_center_then_commit,,False,False,three_gate_s_shape,three_gate_s_curve,three_gate_s_shape/three_gate_s_curve,marine_race_arena/tracks/tests/three_gate_s_curve.json,False,,21307,reused,FINISHED,FINISHED,True,3,3,True,44.0,44.0,0.0,14.666666666666666,0,0,0,False,0,0,False,0,False,0,0,False,0,,False,20.8424,529,33.5947,215.806,holoocean,0.1,none,180.0,0.014820925891399384,0.02671939507126808,0.025189992040395737,0.0,0.0,True,results/rl/final_benchmark/reliability_first_20260731/artifacts/rule_gate_center_then_commit__three_gate_s_shape__three_gate_s_curve__seed21307.trajectory.json,,
final_benchmark_episode_v1,bc_v3,bc,rl_multigate_controller,results/rl/multigate_longrun/bc_v3_balanced_v2_20260728/bc_v3.pt,True,False,three_gate_s_shape,three_gate_s_curve,three_gate_s_shape/three_gate_s_curve,marine_race_arena/tracks/tests/three_gate_s_curve.json,False,,27028,holdout,FINISHED,FINISHED,True,3,3,True,46.3,46.3,0.0,15.433333333333332,0,0,0,False,0,0,False,0,False,0,0,False,0,2,False,22.2301,573,68.4254,231.618,holoocean,0.1,none,180.0,0.017726831138134003,0.03343559056520462,0.029145440086722374,0.0,0.0,True,results/rl/final_benchmark/reliability_first_20260731/artifacts/bc_v3__three_gate_s_shape__three_gate_s_curve__seed27028.trajectory.json,,
final_benchmark_episode_v1,hybrid,hybrid,hybrid_gate_controller,results/rl_public/stage1/bc/model/best_model.pt,False,True,three_gate_s_shape,three_gate_s_curve,three_gate_s_shape/three_gate_s_curve,marine_race_arena/tracks/tests/three_gate_s_curve.json,False,,27028,holdout,FINISHED,FINISHED,True,3,3,True,47.7,47.7,0.0,15.9,0,0,0,False,0,0,False,0,False,0,0,False,0,,False,20.7215,565,100.2294,222.781,holoocean,0.1,none,180.0,0.013405045494437218,0.019490201026201248,0.024660153314471245,0.0,0.0,True,results/rl/final_benchmark/reliability_first_20260731/artifacts/hybrid__three_gate_s_shape__three_gate_s_curve__seed27028.trajectory.json,,
final_benchmark_episode_v1,ppo_1000814,ppo,rl_multigate_controller,results\rl\multigate_reliability_first\r2_reliability_first_seed23001_c3_recovery_476525\checkpoints\ppo_1000814_steps.zip,True,False,three_gate_s_shape,three_gate_s_curve,three_gate_s_shape/three_gate_s_curve,marine_race_arena/tracks/tests/three_gate_s_curve.json,False,,27028,holdout,FINISHED,FINISHED,True,3,3,True,47.699999999999996,142.7,95.0,15.899999999999999,19,0,184,True,0,0,False,0,False,0,0,True,0,1,False,22.0327,547,50.7309,102.642,holoocean,0.1,none,180.0,0.022238723933696747,0.06563908606767654,0.040557943284511566,0.0,0.0,True,results/rl/final_benchmark/reliability_first_20260731/artifacts/ppo_1000814__three_gate_s_shape__three_gate_s_curve__seed27028.trajectory.json,,
final_benchmark_episode_v1,ppo_525678,ppo,rl_multigate_controller,results\rl\multigate_reliability_first\r2_reliability_first_seed23001_c3_recovery_476525\checkpoints\ppo_525678_steps.zip,True,False,three_gate_s_shape,three_gate_s_curve,three_gate_s_shape/three_gate_s_curve,marine_race_arena/tracks/tests/three_gate_s_curve.json,False,,27028,holdout,FINISHED,FINISHED,True,3,3,True,34.1,34.1,0.0,11.366666666666667,0,0,0,False,0,0,False,0,False,0,0,False,0,1,False,25.2779,408,52.134,83.011,holoocean,0.1,none,180.0,0.02246362529695034,0.03292369842529297,0.04989484325051308,0.0,0.0,True,results/rl/final_benchmark/reliability_first_20260731/artifacts/ppo_525678__three_gate_s_shape__three_gate_s_curve__seed27028.trajectory.json,,
final_benchmark_episode_v1,ppo_900462,ppo,rl_multigate_controller,results\rl\multigate_reliability_first\r2_reliability_first_seed23001_c3_recovery_476525\checkpoints\ppo_900462_steps.zip,True,False,three_gate_s_shape,three_gate_s_curve,three_gate_s_shape/three_gate_s_curve,marine_race_arena/tracks/tests/three_gate_s_curve.json,False,,27028,holdout,FINISHED,FINISHED,True,3,3,True,30.0,40.0,10.0,10.0,2,0,9,True,0,0,False,0,False,0,0,True,0,2,False,19.644,370,50.9627,76.233,holoocean,0.1,none,180.0,0.03050774522125721,0.03400683403015137,0.04569729417562485,0.0,0.0,True,results/rl/final_benchmark/reliability_first_20260731/artifacts/ppo_900462__three_gate_s_shape__three_gate_s_curve__seed27028.trajectory.json,,
final_benchmark_episode_v1,rule_gate_center_then_commit,rule,rule_gate_center_then_commit,,False,False,three_gate_s_shape,three_gate_s_curve,three_gate_s_shape/three_gate_s_curve,marine_race_arena/tracks/tests/three_gate_s_curve.json,False,,27028,holdout,FINISHED,FINISHED,True,3,3,True,41.800000000000004,41.800000000000004,0.0,13.933333333333335,0,0,0,False,0,0,False,0,False,0,0,False,0,,False,20.5126,516,30.4915,213.874,holoocean,0.1,none,180.0,0.014971130527555943,0.025608917698264122,0.024495048448443413,0.0,0.0,True,results/rl/final_benchmark/reliability_first_20260731/artifacts/rule_gate_center_then_commit__three_gate_s_shape__three_gate_s_curve__seed27028.trajectory.json,,
final_benchmark_episode_v1,bc_v3,bc,rl_multigate_controller,results/rl/multigate_longrun/bc_v3_balanced_v2_20260728/bc_v3.pt,True,False,three_gate_s_shape,three_gate_s_curve,three_gate_s_shape/three_gate_s_curve,marine_race_arena/tracks/tests/three_gate_s_curve.json,False,,27029,holdout,DNF,REFEREE_TERMINAL,False,2,3,False,,,0.0,,0,0,0,False,0,0,False,0,False,1,0,False,0,1,False,12.0271,261,74.5544,130.099,holoocean,0.1,none,180.0,0.012616384774446487,0.02374475821852684,0.0372665710747242,0.0,0.0,True,results/rl/final_benchmark/reliability_first_20260731/artifacts/bc_v3__three_gate_s_shape__three_gate_s_curve__seed27029.trajectory.json,,
final_benchmark_episode_v1,hybrid,hybrid,hybrid_gate_controller,results/rl_public/stage1/bc/model/best_model.pt,False,True,three_gate_s_shape,three_gate_s_curve,three_gate_s_shape/three_gate_s_curve,marine_race_arena/tracks/tests/three_gate_s_curve.json,False,,27029,holdout,FINISHED,FINISHED,True,3,3,True,43.8,43.8,0.0,14.6,0,0,0,False,0,0,False,0,False,0,0,False,0,,False,20.3587,528,98.5038,218.429,holoocean,0.1,none,180.0,0.01742253638803959,0.01870206743478775,0.025447042658925056,0.0,0.0,True,results/rl/final_benchmark/reliability_first_20260731/artifacts/hybrid__three_gate_s_shape__three_gate_s_curve__seed27029.trajectory.json,,
final_benchmark_episode_v1,ppo_1000814,ppo,rl_multigate_controller,results\rl\multigate_reliability_first\r2_reliability_first_seed23001_c3_recovery_476525\checkpoints\ppo_1000814_steps.zip,True,False,three_gate_s_shape,three_gate_s_curve,three_gate_s_shape/three_gate_s_curve,marine_race_arena/tracks/tests/three_gate_s_curve.json,False,,27029,holdout,FINISHED,FINISHED,True,3,3,True,39.099999999999994,64.1,25.0,13.033333333333331,5,0,43,True,0,0,False,0,False,0,0,True,0,3,False,22.5782,470,59.9971,118.243,holoocean,0.1,none,180.0,0.03383522480726242,0.04494538903236389,0.04629473760724068,0.0,0.0,True,results/rl/final_benchmark/reliability_first_20260731/artifacts/ppo_1000814__three_gate_s_shape__three_gate_s_curve__seed27029.trajectory.json,,
final_benchmark_episode_v1,ppo_525678,ppo,rl_multigate_controller,results\rl\multigate_reliability_first\r2_reliability_first_seed23001_c3_recovery_476525\checkpoints\ppo_525678_steps.zip,True,False,three_gate_s_shape,three_gate_s_curve,three_gate_s_shape/three_gate_s_curve,marine_race_arena/tracks/tests/three_gate_s_curve.json,False,,27029,holdout,FINISHED,FINISHED,True,3,3,True,33.0,38.0,5.0,11.0,1,0,1,True,0,0,False,0,False,0,0,True,0,1,False,23.7313,395,50.0639,80.53,holoocean,0.1,none,180.0,0.023584851995110512,0.03969566896557808,0.050876859575510025,0.0,0.0,True,results/rl/final_benchmark/reliability_first_20260731/artifacts/ppo_525678__three_gate_s_shape__three_gate_s_curve__seed27029.trajectory.json,,
final_benchmark_episode_v1,ppo_900462,ppo,rl_multigate_controller,results\rl\multigate_reliability_first\r2_reliability_first_seed23001_c3_recovery_476525\checkpoints\ppo_900462_steps.zip,True,False,three_gate_s_shape,three_gate_s_curve,three_gate_s_shape/three_gate_s_curve,marine_race_arena/tracks/tests/three_gate_s_curve.json,False,,27029,holdout,FINISHED,FINISHED,True,3,3,True,33.6,58.6,25.0,11.200000000000001,5,0,32,True,0,0,False,0,False,0,0,True,0,2,False,19.4246,408,51.0389,83.285,holoocean,0.1,none,180.0,0.02899990789592266,0.04059160500764847,0.044869836419820786,0.0,0.0,True,results/rl/final_benchmark/reliability_first_20260731/artifacts/ppo_900462__three_gate_s_shape__three_gate_s_curve__seed27029.trajectory.json,,
final_benchmark_episode_v1,rule_gate_center_then_commit,rule,rule_gate_center_then_commit,,False,False,three_gate_s_shape,three_gate_s_curve,three_gate_s_shape/three_gate_s_curve,marine_race_arena/tracks/tests/three_gate_s_curve.json,False,,27029,holdout,FINISHED,FINISHED,True,3,3,True,45.4,45.4,0.0,15.133333333333333,0,0,0,False,0,0,False,0,False,0,0,False,0,,False,20.8349,554,31.5654,212.254,holoocean,0.1,none,180.0,0.014963055029511452,0.025516940280795097,0.025239266455173492,0.0,0.0,True,results/rl/final_benchmark/reliability_first_20260731/artifacts/rule_gate_center_then_commit__three_gate_s_shape__three_gate_s_curve__seed27029.trajectory.json,,
final_benchmark_episode_v1,bc_v3,bc,rl_multigate_controller,results/rl/multigate_longrun/bc_v3_balanced_v2_20260728/bc_v3.pt,True,False,three_gate_s_shape,three_gate_s_curve,three_gate_s_shape/three_gate_s_curve,marine_race_arena/tracks/tests/three_gate_s_curve.json,False,,27030,holdout,DNF,REFEREE_TERMINAL,False,2,3,False,,,0.0,,0,0,0,False,0,0,False,0,False,1,0,False,0,2,False,12.5597,336,94.5502,154.975,holoocean,0.1,none,180.0,0.023595144972205162,0.034230489283800125,0.033140022307634354,0.0,0.0,True,results/rl/final_benchmark/reliability_first_20260731/artifacts/bc_v3__three_gate_s_shape__three_gate_s_curve__seed27030.trajectory.json,,
final_benchmark_episode_v1,hybrid,hybrid,hybrid_gate_controller,results/rl_public/stage1/bc/model/best_model.pt,False,True,three_gate_s_shape,three_gate_s_curve,three_gate_s_shape/three_gate_s_curve,marine_race_arena/tracks/tests/three_gate_s_curve.json,False,,27030,holdout,FINISHED,FINISHED,True,3,3,True,39.5,39.5,0.0,13.166666666666666,0,0,0,False,0,0,False,0,False,0,0,False,0,,False,20.1907,484,105.9399,225.987,holoocean,0.1,none,180.0,0.01700042188167572,0.018464434891939163,0.02135540544986725,0.0,0.0,True,results/rl/final_benchmark/reliability_first_20260731/artifacts/hybrid__three_gate_s_shape__three_gate_s_curve__seed27030.trajectory.json,,
final_benchmark_episode_v1,ppo_1000814,ppo,rl_multigate_controller,results\rl\multigate_reliability_first\r2_reliability_first_seed23001_c3_recovery_476525\checkpoints\ppo_1000814_steps.zip,True,False,three_gate_s_shape,three_gate_s_curve,three_gate_s_shape/three_gate_s_curve,marine_race_arena/tracks/tests/three_gate_s_curve.json,False,,27030,holdout,FINISHED,FINISHED,True,3,3,True,67.7,287.7,220.0,22.566666666666666,44,0,422,True,0,0,False,0,False,0,0,True,0,2,False,20.2381,758,63.8625,257.502,holoocean,0.1,none,180.0,0.018291521817445755,0.07915923744440079,0.03651051968336105,0.0,0.0,True,results/rl/final_benchmark/reliability_first_20260731/artifacts/ppo_1000814__three_gate_s_shape__three_gate_s_curve__seed27030.trajectory.json,,
final_benchmark_episode_v1,ppo_525678,ppo,rl_multigate_controller,results\rl\multigate_reliability_first\r2_reliability_first_seed23001_c3_recovery_476525\checkpoints\ppo_525678_steps.zip,True,False,three_gate_s_shape,three_gate_s_curve,three_gate_s_shape/three_gate_s_curve,marine_race_arena/tracks/tests/three_gate_s_curve.json,False,,27030,holdout,FINISHED,FINISHED,True,3,3,True,41.8,76.8,35.0,13.933333333333332,7,0,54,True,0,0,False,0,False,0,0,True,1,1,False,26.2932,487,61.7123,129.207,holoocean,0.1,none,180.0,0.021670863032341003,0.04418078809976578,0.04858916997909546,0.0,0.0,True,results/rl/final_benchmark/reliability_first_20260731/artifacts/ppo_525678__three_gate_s_shape__three_gate_s_curve__seed27030.trajectory.json,,
final_benchmark_episode_v1,ppo_900462,ppo,rl_multigate_controller,results\rl\multigate_reliability_first\r2_reliability_first_seed23001_c3_recovery_476525\checkpoints\ppo_900462_steps.zip,True,False,three_gate_s_shape,three_gate_s_curve,three_gate_s_shape/three_gate_s_curve,marine_race_arena/tracks/tests/three_gate_s_curve.json,False,,27030,holdout,FINISHED,FINISHED,True,3,3,True,27.700000000000003,27.700000000000003,0.0,9.233333333333334,0,0,0,False,0,0,False,0,False,0,0,False,0,1,False,20.2094,350,54.6856,81.673,holoocean,0.1,none,180.0,0.03156337887048721,0.032451000064611435,0.043627310544252396,0.0,0.0,True,results/rl/final_benchmark/reliability_first_20260731/artifacts/ppo_900462__three_gate_s_shape__three_gate_s_curve__seed27030.trajectory.json,,
final_benchmark_episode_v1,rule_gate_center_then_commit,rule,rule_gate_center_then_commit,,False,False,three_gate_s_shape,three_gate_s_curve,three_gate_s_shape/three_gate_s_curve,marine_race_arena/tracks/tests/three_gate_s_curve.json,False,,27030,holdout,FINISHED,FINISHED,True,3,3,True,40.1,40.1,0.0,13.366666666666667,0,0,0,False,0,0,False,0,False,0,0,False,0,,False,20.5752,499,33.8156,195.479,holoocean,0.1,none,180.0,0.015821509063243866,0.025078868493437767,0.02287862077355385,0.0,0.0,True,results/rl/final_benchmark/reliability_first_20260731/artifacts/rule_gate_center_then_commit__three_gate_s_shape__three_gate_s_curve__seed27030.trajectory.json,,
final_benchmark_episode_v1,bc_v3,bc,rl_multigate_controller,results/rl/multigate_longrun/bc_v3_balanced_v2_20260728/bc_v3.pt,True,False,three_gate_s_shape,three_gate_s_curve,three_gate_s_shape/three_gate_s_curve,marine_race_arena/tracks/tests/three_gate_s_curve.json,False,,27031,holdout,FINISHED,FINISHED,True,3,3,True,43.599999999999994,68.6,25.0,14.533333333333331,5,0,36,True,0,0,False,0,False,0,0,True,0,3,False,21.5985,712,91.5564,290.401,holoocean,0.1,none,180.0,0.02208811603486538,0.029419882223010063,0.03486228361725807,0.0,0.0,True,results/rl/final_benchmark/reliability_first_20260731/artifacts/bc_v3__three_gate_s_shape__three_gate_s_curve__seed27031.trajectory.json,,
final_benchmark_episode_v1,hybrid,hybrid,hybrid_gate_controller,results/rl_public/stage1/bc/model/best_model.pt,False,True,three_gate_s_shape,three_gate_s_curve,three_gate_s_shape/three_gate_s_curve,marine_race_arena/tracks/tests/three_gate_s_curve.json,False,,27031,holdout,FINISHED,FINISHED,True,3,3,True,39.0,39.0,0.0,13.0,0,0,0,False,0,0,False,0,False,0,0,False,0,,False,20.172,476,98.0646,205.907,holoocean,0.1,none,180.0,0.01566012017428875,0.018317988142371178,0.02100709266960621,0.0,0.0,True,results/rl/final_benchmark/reliability_first_20260731/artifacts/hybrid__three_gate_s_shape__three_gate_s_curve__seed27031.trajectory.json,,
final_benchmark_episode_v1,ppo_1000814,ppo,rl_multigate_controller,results\rl\multigate_reliability_first\r2_reliability_first_seed23001_c3_recovery_476525\checkpoints\ppo_1000814_steps.zip,True,False,three_gate_s_shape,three_gate_s_curve,three_gate_s_shape/three_gate_s_curve,marine_race_arena/tracks/tests/three_gate_s_curve.json,False,,27031,holdout,FINISHED,FINISHED,True,3,3,True,41.3,81.3,40.0,13.766666666666666,8,0,72,True,0,0,False,0,False,0,0,True,0,3,False,23.3366,545,65.0514,215.371,holoocean,0.1,none,180.0,0.03624536842107773,0.04574713855981827,0.04723547771573067,0.0,0.0,True,results/rl/final_benchmark/reliability_first_20260731/artifacts/ppo_1000814__three_gate_s_shape__three_gate_s_curve__seed27031.trajectory.json,,
final_benchmark_episode_v1,ppo_525678,ppo,rl_multigate_controller,results\rl\multigate_reliability_first\r2_reliability_first_seed23001_c3_recovery_476525\checkpoints\ppo_525678_steps.zip,True,False,three_gate_s_shape,three_gate_s_curve,three_gate_s_shape/three_gate_s_curve,marine_race_arena/tracks/tests/three_gate_s_curve.json,False,,27031,holdout,FINISHED,FINISHED,True,3,3,True,33.0,33.0,0.0,11.0,0,0,0,False,0,0,False,0,False,0,0,False,0,2,False,23.6998,402,62.2168,159.24,holoocean,0.1,none,180.0,0.02568715624511242,0.02950136736035347,0.04806157201528549,0.0,0.0,True,results/rl/final_benchmark/reliability_first_20260731/artifacts/ppo_525678__three_gate_s_shape__three_gate_s_curve__seed27031.trajectory.json,,
final_benchmark_episode_v1,ppo_900462,ppo,rl_multigate_controller,results\rl\multigate_reliability_first\r2_reliability_first_seed23001_c3_recovery_476525\checkpoints\ppo_900462_steps.zip,True,False,three_gate_s_shape,three_gate_s_curve,three_gate_s_shape/three_gate_s_curve,marine_race_arena/tracks/tests/three_gate_s_curve.json,False,,27031,holdout,FINISHED,FINISHED,True,3,3,True,31.1,51.1,20.0,10.366666666666667,4,0,22,True,0,0,False,0,False,0,0,True,0,2,False,19.7695,385,59.1316,167.555,holoocean,0.1,none,180.0,0.029856568202376366,0.03473256155848503,0.04514051601290703,0.0,0.0,True,results/rl/final_benchmark/reliability_first_20260731/artifacts/ppo_900462__three_gate_s_shape__three_gate_s_curve__seed27031.trajectory.json,,
final_benchmark_episode_v1,rule_gate_center_then_commit,rule,rule_gate_center_then_commit,,False,False,three_gate_s_shape,three_gate_s_curve,three_gate_s_shape/three_gate_s_curve,marine_race_arena/tracks/tests/three_gate_s_curve.json,False,,27031,holdout,FINISHED,FINISHED,True,3,3,True,50.0,50.0,0.0,16.666666666666668,0,0,0,False,0,0,False,0,False,0,0,False,0,,False,21.8424,598,30.2334,223.415,holoocean,0.1,none,180.0,0.016033733263611794,0.024189801886677742,0.026363525539636612,0.0,0.0,True,results/rl/final_benchmark/reliability_first_20260731/artifacts/rule_gate_center_then_commit__three_gate_s_shape__three_gate_s_curve__seed27031.trajectory.json,,
final_benchmark_episode_v1,bc_v3,bc,rl_multigate_controller,results/rl/multigate_longrun/bc_v3_balanced_v2_20260728/bc_v3.pt,True,False,three_gate_sequence,three_gate_training,three_gate_sequence/three_gate_training,marine_race_arena/tracks/training/stage3_three_gates.json,False,,21300,reused,FINISHED,FINISHED,True,3,3,True,40.0,40.0,0.0,13.333333333333334,0,0,0,False,0,0,False,0,False,0,0,False,0,2,False,19.9366,528,69.7716,229.522,holoocean,0.1,none,240.0,0.019925467669963837,0.022469835355877876,0.0312926210463047,0.0,0.0,True,results/rl/final_benchmark/reliability_first_20260731/artifacts/bc_v3__three_gate_sequence__three_gate_training__seed21300.trajectory.json,,
final_benchmark_episode_v1,hybrid,hybrid,hybrid_gate_controller,results/rl_public/stage1/bc/model/best_model.pt,False,True,three_gate_sequence,three_gate_training,three_gate_sequence/three_gate_training,marine_race_arena/tracks/training/stage3_three_gates.json,False,,21300,reused,FINISHED,FINISHED,True,3,3,True,21.700000000000003,21.700000000000003,0.0,7.233333333333334,0,0,0,False,0,0,False,0,False,0,0,False,0,,False,17.1751,327,95.5646,145.876,holoocean,0.1,none,240.0,0.017034780234098434,0.008551158010959625,0.016039565205574036,0.0,0.0,True,results/rl/final_benchmark/reliability_first_20260731/artifacts/hybrid__three_gate_sequence__three_gate_training__seed21300.trajectory.json,,
final_benchmark_episode_v1,ppo_1000814,ppo,rl_multigate_controller,results\rl\multigate_reliability_first\r2_reliability_first_seed23001_c3_recovery_476525\checkpoints\ppo_1000814_steps.zip,True,False,three_gate_sequence,three_gate_training,three_gate_sequence/three_gate_training,marine_race_arena/tracks/training/stage3_three_gates.json,False,,21300,reused,FINISHED,FINISHED,True,3,3,True,24.3,24.3,0.0,8.1,0,0,3,False,0,0,False,0,False,0,0,False,0,1,False,19.6874,318,56.0625,144.767,holoocean,0.1,none,240.0,0.02987399883568287,0.03340796008706093,0.03851751610636711,0.0,0.0,True,results/rl/final_benchmark/reliability_first_20260731/artifacts/ppo_1000814__three_gate_sequence__three_gate_training__seed21300.trajectory.json,,
final_benchmark_episode_v1,ppo_525678,ppo,rl_multigate_controller,results\rl\multigate_reliability_first\r2_reliability_first_seed23001_c3_recovery_476525\checkpoints\ppo_525678_steps.zip,True,False,three_gate_sequence,three_gate_training,three_gate_sequence/three_gate_training,marine_race_arena/tracks/training/stage3_three_gates.json,False,,21300,reused,FINISHED,FINISHED,True,3,3,True,28.1,28.1,0.0,9.366666666666667,0,0,0,False,0,0,False,0,False,0,0,False,0,1,False,22.676,358,55.4558,176.286,holoocean,0.1,none,240.0,0.022040879353880882,0.029690902680158615,0.043589331209659576,0.0,0.0,True,results/rl/final_benchmark/reliability_first_20260731/artifacts/ppo_525678__three_gate_sequence__three_gate_training__seed21300.trajectory.json,,
final_benchmark_episode_v1,ppo_900462,ppo,rl_multigate_controller,results\rl\multigate_reliability_first\r2_reliability_first_seed23001_c3_recovery_476525\checkpoints\ppo_900462_steps.zip,True,False,three_gate_sequence,three_gate_training,three_gate_sequence/three_gate_training,marine_race_arena/tracks/training/stage3_three_gates.json,False,,21300,reused,DNF,REFEREE_TERMINAL,False,2,3,False,,,0.0,,0,0,0,False,0,0,False,0,False,1,0,False,0,1,False,12.3384,205,61.0102,131.17,holoocean,0.1,none,240.0,0.02483217604458332,0.026838360354304314,0.03909377008676529,0.0,0.0,True,results/rl/final_benchmark/reliability_first_20260731/artifacts/ppo_900462__three_gate_sequence__three_gate_training__seed21300.trajectory.json,,
final_benchmark_episode_v1,rule_gate_center_then_commit,rule,rule_gate_center_then_commit,,False,False,three_gate_sequence,three_gate_training,three_gate_sequence/three_gate_training,marine_race_arena/tracks/training/stage3_three_gates.json,False,,21300,reused,FINISHED,FINISHED,True,3,3,True,26.299999999999997,26.299999999999997,0.0,8.766666666666666,0,0,0,False,0,0,False,0,False,0,0,False,0,,False,17.3372,386,31.4888,167.767,holoocean,0.1,none,240.0,0.011969028040766716,0.014218769967556,0.01922224462032318,0.0,0.0,True,results/rl/final_benchmark/reliability_first_20260731/artifacts/rule_gate_center_then_commit__three_gate_sequence__three_gate_training__seed21300.trajectory.json,,
final_benchmark_episode_v1,bc_v3,bc,rl_multigate_controller,results/rl/multigate_longrun/bc_v3_balanced_v2_20260728/bc_v3.pt,True,False,three_gate_sequence,three_gate_training,three_gate_sequence/three_gate_training,marine_race_arena/tracks/training/stage3_three_gates.json,False,,21301,reused,FINISHED,FINISHED,True,3,3,True,25.2,25.2,0.0,8.4,0,0,0,False,0,0,False,0,False,0,0,False,0,0,False,16.7409,370,54.8355,162.584,holoocean,0.1,none,240.0,0.02155596949160099,0.020137963816523552,0.028848707675933838,0.0,0.0,True,results/rl/final_benchmark/reliability_first_20260731/artifacts/bc_v3__three_gate_sequence__three_gate_training__seed21301.trajectory.json,,
final_benchmark_episode_v1,hybrid,hybrid,hybrid_gate_controller,results/rl_public/stage1/bc/model/best_model.pt,False,True,three_gate_sequence,three_gate_training,three_gate_sequence/three_gate_training,marine_race_arena/tracks/training/stage3_three_gates.json,False,,21301,reused,FINISHED,FINISHED,True,3,3,True,24.6,24.6,0.0,8.200000000000001,0,0,0,False,0,0,False,0,False,0,0,False,0,,False,17.543,362,89.7528,164.002,holoocean,0.1,none,240.0,0.016249410808086395,0.01058110035955906,0.017907267436385155,0.0,0.0,True,results/rl/final_benchmark/reliability_first_20260731/artifacts/hybrid__three_gate_sequence__three_gate_training__seed21301.trajectory.json,,
final_benchmark_episode_v1,ppo_1000814,ppo,rl_multigate_controller,results\rl\multigate_reliability_first\r2_reliability_first_seed23001_c3_recovery_476525\checkpoints\ppo_1000814_steps.zip,True,False,three_gate_sequence,three_gate_training,three_gate_sequence/three_gate_training,marine_race_arena/tracks/training/stage3_three_gates.json,False,,21301,reused,DNF,REFEREE_TERMINAL,False,2,3,False,,,70.0,,14,0,125,True,0,0,False,0,False,1,0,True,0,1,False,15.1619,439,64.9947,198.284,holoocean,0.1,none,240.0,0.03113461658358574,0.030134622007608414,0.0456305630505085,0.0,0.0,True,results/rl/final_benchmark/reliability_first_20260731/artifacts/ppo_1000814__three_gate_sequence__three_gate_training__seed21301.trajectory.json,,
final_benchmark_episode_v1,ppo_525678,ppo,rl_multigate_controller,results\rl\multigate_reliability_first\r2_reliability_first_seed23001_c3_recovery_476525\checkpoints\ppo_525678_steps.zip,True,False,three_gate_sequence,three_gate_training,three_gate_sequence/three_gate_training,marine_race_arena/tracks/training/stage3_three_gates.json,False,,21301,reused,FINISHED,FINISHED,True,3,3,True,26.299999999999997,26.299999999999997,0.0,8.766666666666666,0,0,0,False,0,0,False,0,False,0,0,False,1,1,False,22.2415,338,58.9112,158.934,holoocean,0.1,none,240.0,0.02034914121031761,0.025389518588781357,0.0402815118432045,0.0,0.0,True,results/rl/final_benchmark/reliability_first_20260731/artifacts/ppo_525678__three_gate_sequence__three_gate_training__seed21301.trajectory.json,,
final_benchmark_episode_v1,ppo_900462,ppo,rl_multigate_controller,results\rl\multigate_reliability_first\r2_reliability_first_seed23001_c3_recovery_476525\checkpoints\ppo_900462_steps.zip,True,False,three_gate_sequence,three_gate_training,three_gate_sequence/three_gate_training,marine_race_arena/tracks/training/stage3_three_gates.json,False,,21301,reused,FINISHED,FINISHED,True,3,3,True,25.400000000000002,30.400000000000002,5.0,8.466666666666667,1,0,5,True,0,0,False,0,False,0,0,True,0,1,False,18.6037,338,61.4535,152.663,holoocean,0.1,none,240.0,0.027761375531554222,0.031262073665857315,0.04062807187438011,0.0,0.0,True,results/rl/final_benchmark/reliability_first_20260731/artifacts/ppo_900462__three_gate_sequence__three_gate_training__seed21301.trajectory.json,,
final_benchmark_episode_v1,rule_gate_center_then_commit,rule,rule_gate_center_then_commit,,False,False,three_gate_sequence,three_gate_training,three_gate_sequence/three_gate_training,marine_race_arena/tracks/training/stage3_three_gates.json,False,,21301,reused,FINISHED,FINISHED,True,3,3,True,23.999999999999996,23.999999999999996,0.0,7.999999999999999,0,0,0,False,0,0,False,0,False,0,0,False,0,,False,17.3887,362,35.4454,143.439,holoocean,0.1,none,240.0,0.014506085775792599,0.013516663573682308,0.020183341577649117,0.0,0.0,True,results/rl/final_benchmark/reliability_first_20260731/artifacts/rule_gate_center_then_commit__three_gate_sequence__three_gate_training__seed21301.trajectory.json,,
final_benchmark_episode_v1,bc_v3,bc,rl_multigate_controller,results/rl/multigate_longrun/bc_v3_balanced_v2_20260728/bc_v3.pt,True,False,three_gate_sequence,three_gate_training,three_gate_sequence/three_gate_training,marine_race_arena/tracks/training/stage3_three_gates.json,False,,21302,reused,DNF,REFEREE_TERMINAL,False,2,3,False,,,0.0,,0,0,0,False,0,0,False,0,False,1,0,False,0,1,False,10.7423,264,69.0948,126.079,holoocean,0.1,none,240.0,0.017705606296658516,0.027545927092432976,0.032237060368061066,0.0,0.0,True,results/rl/final_benchmark/reliability_first_20260731/artifacts/bc_v3__three_gate_sequence__three_gate_training__seed21302.trajectory.json,,
final_benchmark_episode_v1,hybrid,hybrid,hybrid_gate_controller,results/rl_public/stage1/bc/model/best_model.pt,False,True,three_gate_sequence,three_gate_training,three_gate_sequence/three_gate_training,marine_race_arena/tracks/training/stage3_three_gates.json,False,,21302,reused,FINISHED,FINISHED,True,3,3,True,21.4,21.4,0.0,7.133333333333333,0,0,0,False,0,0,False,0,False,0,0,False,0,,False,16.9439,320,111.828,147.955,holoocean,0.1,none,240.0,0.01645168662071228,0.008211661130189896,0.014516392722725868,0.0,0.0,True,results/rl/final_benchmark/reliability_first_20260731/artifacts/hybrid__three_gate_sequence__three_gate_training__seed21302.trajectory.json,,
final_benchmark_episode_v1,ppo_1000814,ppo,rl_multigate_controller,results\rl\multigate_reliability_first\r2_reliability_first_seed23001_c3_recovery_476525\checkpoints\ppo_1000814_steps.zip,True,False,three_gate_sequence,three_gate_training,three_gate_sequence/three_gate_training,marine_race_arena/tracks/training/stage3_three_gates.json,False,,21302,reused,FINISHED,FINISHED,True,3,3,True,31.199999999999996,36.199999999999996,5.0,10.399999999999999,1,0,1,True,0,0,False,0,False,0,0,True,0,2,False,22.5939,397,59.4121,174.126,holoocean,0.1,none,240.0,0.02602223865687847,0.030062850564718246,0.043158579617738724,0.0,0.0,True,results/rl/final_benchmark/reliability_first_20260731/artifacts/ppo_1000814__three_gate_sequence__three_gate_training__seed21302.trajectory.json,,
final_benchmark_episode_v1,ppo_525678,ppo,rl_multigate_controller,results\rl\multigate_reliability_first\r2_reliability_first_seed23001_c3_recovery_476525\checkpoints\ppo_525678_steps.zip,True,False,three_gate_sequence,three_gate_training,three_gate_sequence/three_gate_training,marine_race_arena/tracks/training/stage3_three_gates.json,False,,21302,reused,FINISHED,FINISHED,True,3,3,True,26.7,26.7,0.0,8.9,0,0,0,False,0,0,False,0,False,0,0,False,0,1,False,22.4989,348,77.4515,127.501,holoocean,0.1,none,240.0,0.019058972597122192,0.027039354667067528,0.040714066475629807,0.0,0.0,True,results/rl/final_benchmark/reliability_first_20260731/artifacts/ppo_525678__three_gate_sequence__three_gate_training__seed21302.trajectory.json,,
final_benchmark_episode_v1,ppo_900462,ppo,rl_multigate_controller,results\rl\multigate_reliability_first\r2_reliability_first_seed23001_c3_recovery_476525\checkpoints\ppo_900462_steps.zip,True,False,three_gate_sequence,three_gate_training,three_gate_sequence/three_gate_training,marine_race_arena/tracks/training/stage3_three_gates.json,False,,21302,reused,DNF,REFEREE_TERMINAL,False,2,3,False,,,0.0,,0,0,0,False,0,0,False,0,False,1,0,False,0,1,False,11.6629,189,56.8332,87.494,holoocean,0.1,none,240.0,0.02600988745689392,0.030323712155222893,0.04206124320626259,0.0,0.0,True,results/rl/final_benchmark/reliability_first_20260731/artifacts/ppo_900462__three_gate_sequence__three_gate_training__seed21302.trajectory.json,,
final_benchmark_episode_v1,rule_gate_center_then_commit,rule,rule_gate_center_then_commit,,False,False,three_gate_sequence,three_gate_training,three_gate_sequence/three_gate_training,marine_race_arena/tracks/training/stage3_three_gates.json,False,,21302,reused,FINISHED,FINISHED,True,3,3,True,24.200000000000003,24.200000000000003,0.0,8.066666666666668,0,0,0,False,0,0,False,0,False,0,0,False,0,,False,17.4328,358,29.5398,151.084,holoocean,0.1,none,240.0,0.013460489921271801,0.011720148846507072,0.018361585214734077,0.0,0.0,True,results/rl/final_benchmark/reliability_first_20260731/artifacts/rule_gate_center_then_commit__three_gate_sequence__three_gate_training__seed21302.trajectory.json,,
final_benchmark_episode_v1,bc_v3,bc,rl_multigate_controller,results/rl/multigate_longrun/bc_v3_balanced_v2_20260728/bc_v3.pt,True,False,three_gate_sequence,three_gate_training,three_gate_sequence/three_gate_training,marine_race_arena/tracks/training/stage3_three_gates.json,False,,21303,reused,FINISHED,FINISHED,True,3,3,True,51.2,111.2,60.0,17.066666666666666,12,0,102,True,0,0,False,0,False,0,0,True,0,1,False,19.916,635,57.2009,235.944,holoocean,0.1,none,240.0,0.018240978941321373,0.028023529797792435,0.02761894278228283,0.0,0.0,True,results/rl/final_benchmark/reliability_first_20260731/artifacts/bc_v3__three_gate_sequence__three_gate_training__seed21303.trajectory.json,,
final_benchmark_episode_v1,hybrid,hybrid,hybrid_gate_controller,results/rl_public/stage1/bc/model/best_model.pt,False,True,three_gate_sequence,three_gate_training,three_gate_sequence/three_gate_training,marine_race_arena/tracks/training/stage3_three_gates.json,False,,21303,reused,FINISHED,FINISHED,True,3,3,True,23.900000000000002,23.900000000000002,0.0,7.966666666666668,0,0,0,False,0,0,False,0,False,0,0,False,0,,False,17.1714,354,87.5322,160.691,holoocean,0.1,none,240.0,0.016397245228290558,0.008443241007626057,0.020640145987272263,0.0,0.0,True,results/rl/final_benchmark/reliability_first_20260731/artifacts/hybrid__three_gate_sequence__three_gate_training__seed21303.trajectory.json,,
final_benchmark_episode_v1,ppo_1000814,ppo,rl_multigate_controller,results\rl\multigate_reliability_first\r2_reliability_first_seed23001_c3_recovery_476525\checkpoints\ppo_1000814_steps.zip,True,False,three_gate_sequence,three_gate_training,three_gate_sequence/three_gate_training,marine_race_arena/tracks/training/stage3_three_gates.json,False,,21303,reused,FINISHED,FINISHED,True,3,3,True,29.2,69.2,40.0,9.733333333333333,8,0,61,True,0,0,False,0,False,0,0,True,0,1,False,19.7017,375,70.7662,169.924,holoocean,0.1,none,240.0,0.022483525797724724,0.03447266295552254,0.04113241285085678,0.0,0.0,True,results/rl/final_benchmark/reliability_first_20260731/artifacts/ppo_1000814__three_gate_sequence__three_gate_training__seed21303.trajectory.json,,
final_benchmark_episode_v1,ppo_525678,ppo,rl_multigate_controller,results\rl\multigate_reliability_first\r2_reliability_first_seed23001_c3_recovery_476525\checkpoints\ppo_525678_steps.zip,True,False,three_gate_sequence,three_gate_training,three_gate_sequence/three_gate_training,marine_race_arena/tracks/training/stage3_three_gates.json,False,,21303,reused,FINISHED,FINISHED,True,3,3,True,25.2,25.2,0.0,8.4,0,0,0,False,0,0,False,0,False,0,0,False,0,1,False,21.1432,324,61.381,146.193,holoocean,0.1,none,240.0,0.022347342222929,0.029686518013477325,0.043499041348695755,0.0,0.0,True,results/rl/final_benchmark/reliability_first_20260731/artifacts/ppo_525678__three_gate_sequence__three_gate_training__seed21303.trajectory.json,,
final_benchmark_episode_v1,ppo_900462,ppo,rl_multigate_controller,results\rl\multigate_reliability_first\r2_reliability_first_seed23001_c3_recovery_476525\checkpoints\ppo_900462_steps.zip,True,False,three_gate_sequence,three_gate_training,three_gate_sequence/three_gate_training,marine_race_arena/tracks/training/stage3_three_gates.json,False,,21303,reused,DNF,REFEREE_TERMINAL,False,2,3,False,,,0.0,,0,0,0,False,0,0,False,0,False,1,0,False,0,1,False,11.9291,189,55.8515,110.47,holoocean,0.1,none,240.0,0.026604218408465385,0.02828669734299183,0.040448445826768875,0.0,0.0,True,results/rl/final_benchmark/reliability_first_20260731/artifacts/ppo_900462__three_gate_sequence__three_gate_training__seed21303.trajectory.json,,
final_benchmark_episode_v1,rule_gate_center_then_commit,rule,rule_gate_center_then_commit,,False,False,three_gate_sequence,three_gate_training,three_gate_sequence/three_gate_training,marine_race_arena/tracks/training/stage3_three_gates.json,False,,21303,reused,FINISHED,FINISHED,True,3,3,True,26.7,26.7,0.0,8.9,0,0,0,False,0,0,False,0,False,0,0,False,0,,False,17.0972,381,31.0987,183.275,holoocean,0.1,none,240.0,0.011665471829473972,0.012079223990440369,0.02231934480369091,0.0,0.0,True,results/rl/final_benchmark/reliability_first_20260731/artifacts/rule_gate_center_then_commit__three_gate_sequence__three_gate_training__seed21303.trajectory.json,,
final_benchmark_episode_v1,bc_v3,bc,rl_multigate_controller,results/rl/multigate_longrun/bc_v3_balanced_v2_20260728/bc_v3.pt,True,False,three_gate_sequence,three_gate_training,three_gate_sequence/three_gate_training,marine_race_arena/tracks/training/stage3_three_gates.json,False,,27024,holdout,FINISHED,FINISHED,True,3,3,True,24.8,24.8,0.0,8.266666666666667,0,0,0,False,0,0,False,0,False,0,0,False,0,0,False,16.553,360,58.6391,170.542,holoocean,0.1,none,240.0,0.02228456549346447,0.018849750980734825,0.02956625260412693,0.0,0.0,True,results/rl/final_benchmark/reliability_first_20260731/artifacts/bc_v3__three_gate_sequence__three_gate_training__seed27024.trajectory.json,,
final_benchmark_episode_v1,hybrid,hybrid,hybrid_gate_controller,results/rl_public/stage1/bc/model/best_model.pt,False,True,three_gate_sequence,three_gate_training,three_gate_sequence/three_gate_training,marine_race_arena/tracks/training/stage3_three_gates.json,False,,27024,holdout,FINISHED,FINISHED,True,3,3,True,24.9,24.9,0.0,8.299999999999999,0,0,0,False,0,0,False,0,False,0,0,False,0,,False,17.2181,353,94.4037,154.567,holoocean,0.1,none,240.0,0.015423598699271679,0.009980031289160252,0.017820656299591064,0.0,0.0,True,results/rl/final_benchmark/reliability_first_20260731/artifacts/hybrid__three_gate_sequence__three_gate_training__seed27024.trajectory.json,,
final_benchmark_episode_v1,ppo_1000814,ppo,rl_multigate_controller,results\rl\multigate_reliability_first\r2_reliability_first_seed23001_c3_recovery_476525\checkpoints\ppo_1000814_steps.zip,True,False,three_gate_sequence,three_gate_training,three_gate_sequence/three_gate_training,marine_race_arena/tracks/training/stage3_three_gates.json,False,,27024,holdout,FINISHED,FINISHED,True,3,3,True,28.299999999999997,28.299999999999997,0.0,9.433333333333332,0,0,19,False,0,0,False,0,False,0,0,False,0,1,False,21.2444,375,63.3157,172.201,holoocean,0.1,none,240.0,0.023325612768530846,0.03164220228791237,0.04195256158709526,0.0,0.0,True,results/rl/final_benchmark/reliability_first_20260731/artifacts/ppo_1000814__three_gate_sequence__three_gate_training__seed27024.trajectory.json,,
final_benchmark_episode_v1,ppo_525678,ppo,rl_multigate_controller,results\rl\multigate_reliability_first\r2_reliability_first_seed23001_c3_recovery_476525\checkpoints\ppo_525678_steps.zip,True,False,three_gate_sequence,three_gate_training,three_gate_sequence/three_gate_training,marine_race_arena/tracks/training/stage3_three_gates.json,False,,27024,holdout,FINISHED,FINISHED,True,3,3,True,25.599999999999998,25.599999999999998,0.0,8.533333333333333,0,0,0,False,0,0,False,0,False,0,0,False,1,1,False,21.4259,327,61.0955,153.911,holoocean,0.1,none,240.0,0.02337370067834854,0.029330814257264137,0.042405497282743454,0.0,0.0,True,results/rl/final_benchmark/reliability_first_20260731/artifacts/ppo_525678__three_gate_sequence__three_gate_training__seed27024.trajectory.json,,
final_benchmark_episode_v1,ppo_900462,ppo,rl_multigate_controller,results\rl\multigate_reliability_first\r2_reliability_first_seed23001_c3_recovery_476525\checkpoints\ppo_900462_steps.zip,True,False,three_gate_sequence,three_gate_training,three_gate_sequence/three_gate_training,marine_race_arena/tracks/training/stage3_three_gates.json,False,,27024,holdout,FINISHED,FINISHED,True,3,3,True,24.799999999999997,24.799999999999997,0.0,8.266666666666666,0,0,0,False,0,0,False,0,False,0,0,False,0,1,False,18.4387,324,59.9303,141.505,holoocean,0.1,none,240.0,0.0341976024210453,0.031137019395828247,0.03929849714040756,0.0,0.0,True,results/rl/final_benchmark/reliability_first_20260731/artifacts/ppo_900462__three_gate_sequence__three_gate_training__seed27024.trajectory.json,,
final_benchmark_episode_v1,rule_gate_center_then_commit,rule,rule_gate_center_then_commit,,False,False,three_gate_sequence,three_gate_training,three_gate_sequence/three_gate_training,marine_race_arena/tracks/training/stage3_three_gates.json,False,,27024,holdout,FINISHED,FINISHED,True,3,3,True,27.099999999999998,27.099999999999998,0.0,9.033333333333333,0,0,0,False,0,0,False,0,False,0,0,False,0,,False,17.373,375,36.2749,158.98,holoocean,0.1,none,240.0,0.012168853543698788,0.013412841595709324,0.01885387860238552,0.0,0.0,True,results/rl/final_benchmark/reliability_first_20260731/artifacts/rule_gate_center_then_commit__three_gate_sequence__three_gate_training__seed27024.trajectory.json,,
final_benchmark_episode_v1,bc_v3,bc,rl_multigate_controller,results/rl/multigate_longrun/bc_v3_balanced_v2_20260728/bc_v3.pt,True,False,three_gate_sequence,three_gate_training,three_gate_sequence/three_gate_training,marine_race_arena/tracks/training/stage3_three_gates.json,False,,27025,holdout,FINISHED,FINISHED,True,3,3,True,44.6,44.6,0.0,14.866666666666667,0,0,0,False,0,0,False,0,False,0,0,False,0,1,False,21.0517,569,65.0486,243.104,holoocean,0.1,none,240.0,0.022749517112970352,0.024601811543107033,0.03380201756954193,0.0,0.0,True,results/rl/final_benchmark/reliability_first_20260731/artifacts/bc_v3__three_gate_sequence__three_gate_training__seed27025.trajectory.json,,
final_benchmark_episode_v1,hybrid,hybrid,hybrid_gate_controller,results/rl_public/stage1/bc/model/best_model.pt,False,True,three_gate_sequence,three_gate_training,three_gate_sequence/three_gate_training,marine_race_arena/tracks/training/stage3_three_gates.json,False,,27025,holdout,FINISHED,FINISHED,True,3,3,True,28.400000000000002,48.400000000000006,20.0,9.466666666666667,4,0,41,True,0,0,False,0,False,0,0,True,0,,False,16.8337,391,119.4405,191.524,holoocean,0.1,none,240.0,0.014213282614946365,0.016244065016508102,0.018797853961586952,0.0,0.0,True,results/rl/final_benchmark/reliability_first_20260731/artifacts/hybrid__three_gate_sequence__three_gate_training__seed27025.trajectory.json,,
final_benchmark_episode_v1,ppo_1000814,ppo,rl_multigate_controller,results\rl\multigate_reliability_first\r2_reliability_first_seed23001_c3_recovery_476525\checkpoints\ppo_1000814_steps.zip,True,False,three_gate_sequence,three_gate_training,three_gate_sequence/three_gate_training,marine_race_arena/tracks/training/stage3_three_gates.json,False,,27025,holdout,FINISHED,FINISHED,True,3,3,True,29.6,69.6,40.0,9.866666666666667,8,0,74,True,0,0,False,0,False,0,0,True,0,1,False,18.9538,374,65.102,199.555,holoocean,0.1,none,240.0,0.022619828581809998,0.03463904187083244,0.040520500391721725,0.0,0.0,True,results/rl/final_benchmark/reliability_first_20260731/artifacts/ppo_1000814__three_gate_sequence__three_gate_training__seed27025.trajectory.json,,
final_benchmark_episode_v1,ppo_525678,ppo,rl_multigate_controller,results\rl\multigate_reliability_first\r2_reliability_first_seed23001_c3_recovery_476525\checkpoints\ppo_525678_steps.zip,True,False,three_gate_sequence,three_gate_training,three_gate_sequence/three_gate_training,marine_race_arena/tracks/training/stage3_three_gates.json,False,,27025,holdout,FINISHED,FINISHED,True,3,3,True,16.1,16.1,0.0,5.366666666666667,0,0,1,False,0,0,False,0,False,0,0,False,0,0,False,17.7654,233,98.9163,143.113,holoocean,0.1,none,240.0,0.021698473021388054,0.022494783625006676,0.0476502999663353,0.0,0.0,True,results/rl/final_benchmark/reliability_first_20260731/artifacts/ppo_525678__three_gate_sequence__three_gate_training__seed27025.trajectory.json,,
final_benchmark_episode_v1,ppo_900462,ppo,rl_multigate_controller,results\rl\multigate_reliability_first\r2_reliability_first_seed23001_c3_recovery_476525\checkpoints\ppo_900462_steps.zip,True,False,three_gate_sequence,three_gate_training,three_gate_sequence/three_gate_training,marine_race_arena/tracks/training/stage3_three_gates.json,False,,27025,holdout,DNF,REFEREE_TERMINAL,False,2,3,False,,,0.0,,0,0,0,False,0,0,False,0,False,1,0,False,0,1,False,12.087,207,53.909,114.972,holoocean,0.1,none,240.0,0.025007085874676704,0.030467383563518524,0.0408923402428627,0.0,0.0,True,results/rl/final_benchmark/reliability_first_20260731/artifacts/ppo_900462__three_gate_sequence__three_gate_training__seed27025.trajectory.json,,
final_benchmark_episode_v1,rule_gate_center_then_commit,rule,rule_gate_center_then_commit,,False,False,three_gate_sequence,three_gate_training,three_gate_sequence/three_gate_training,marine_race_arena/tracks/training/stage3_three_gates.json,False,,27025,holdout,FINISHED,FINISHED,True,3,3,True,26.4,26.4,0.0,8.799999999999999,0,0,0,False,0,0,False,0,False,0,0,False,0,,False,17.3581,374,34.6275,197.901,holoocean,0.1,none,240.0,0.01022386271506548,0.01312597282230854,0.01937260851264,0.0,0.0,True,results/rl/final_benchmark/reliability_first_20260731/artifacts/rule_gate_center_then_commit__three_gate_sequence__three_gate_training__seed27025.trajectory.json,,
final_benchmark_episode_v1,bc_v3,bc,rl_multigate_controller,results/rl/multigate_longrun/bc_v3_balanced_v2_20260728/bc_v3.pt,True,False,three_gate_sequence,three_gate_training,three_gate_sequence/three_gate_training,marine_race_arena/tracks/training/stage3_three_gates.json,False,,27026,holdout,DNF,REFEREE_TERMINAL,False,2,3,False,,,0.0,,0,0,0,False,0,0,False,0,False,1,0,False,0,0,False,10.7947,250,66.9031,152.661,holoocean,0.1,none,240.0,0.01910650171339512,0.027464862912893295,0.03423832356929779,0.0,0.0,True,results/rl/final_benchmark/reliability_first_20260731/artifacts/bc_v3__three_gate_sequence__three_gate_training__seed27026.trajectory.json,,
final_benchmark_episode_v1,hybrid,hybrid,hybrid_gate_controller,results/rl_public/stage1/bc/model/best_model.pt,False,True,three_gate_sequence,three_gate_training,three_gate_sequence/three_gate_training,marine_race_arena/tracks/training/stage3_three_gates.json,False,,27026,holdout,FINISHED,FINISHED,True,3,3,True,24.099999999999998,24.099999999999998,0.0,8.033333333333333,0,0,0,False,0,0,False,0,False,0,0,False,0,,False,17.1201,342,110.042,188.111,holoocean,0.1,none,240.0,0.016172409057617188,0.00926006305962801,0.01582684926688671,0.0,0.0,True,results/rl/final_benchmark/reliability_first_20260731/artifacts/hybrid__three_gate_sequence__three_gate_training__seed27026.trajectory.json,,
final_benchmark_episode_v1,ppo_1000814,ppo,rl_multigate_controller,results\rl\multigate_reliability_first\r2_reliability_first_seed23001_c3_recovery_476525\checkpoints\ppo_1000814_steps.zip,True,False,three_gate_sequence,three_gate_training,three_gate_sequence/three_gate_training,marine_race_arena/tracks/training/stage3_three_gates.json,False,,27026,holdout,FINISHED,FINISHED,True,3,3,True,26.200000000000003,26.200000000000003,0.0,8.733333333333334,0,0,0,False,0,0,False,0,False,0,0,False,0,2,False,19.7617,333,62.6119,163.369,holoocean,0.1,none,240.0,0.026312651112675667,0.034504685550928116,0.034828443080186844,0.0,0.0,True,results/rl/final_benchmark/reliability_first_20260731/artifacts/ppo_1000814__three_gate_sequence__three_gate_training__seed27026.trajectory.json,,
final_benchmark_episode_v1,ppo_525678,ppo,rl_multigate_controller,results\rl\multigate_reliability_first\r2_reliability_first_seed23001_c3_recovery_476525\checkpoints\ppo_525678_steps.zip,True,False,three_gate_sequence,three_gate_training,three_gate_sequence/three_gate_training,marine_race_arena/tracks/training/stage3_three_gates.json,False,,27026,holdout,FINISHED,FINISHED,True,3,3,True,25.800000000000004,25.800000000000004,0.0,8.600000000000001,0,0,1,False,0,0,False,0,False,0,0,False,0,1,False,21.9521,333,63.2211,175.99,holoocean,0.1,none,240.0,0.02245211787521839,0.028908217325806618,0.04020322114229202,0.0,0.0,True,results/rl/final_benchmark/reliability_first_20260731/artifacts/ppo_525678__three_gate_sequence__three_gate_training__seed27026.trajectory.json,,
final_benchmark_episode_v1,ppo_900462,ppo,rl_multigate_controller,results\rl\multigate_reliability_first\r2_reliability_first_seed23001_c3_recovery_476525\checkpoints\ppo_900462_steps.zip,True,False,three_gate_sequence,three_gate_training,three_gate_sequence/three_gate_training,marine_race_arena/tracks/training/stage3_three_gates.json,False,,27026,holdout,FINISHED,FINISHED,True,3,3,True,24.5,24.5,0.0,8.166666666666666,0,0,0,False,0,0,False,0,False,0,0,False,0,1,False,19.1762,330,67.8447,181.626,holoocean,0.1,none,240.0,0.034192558377981186,0.03323853760957718,0.040447235107421875,0.0,0.0,True,results/rl/final_benchmark/reliability_first_20260731/artifacts/ppo_900462__three_gate_sequence__three_gate_training__seed27026.trajectory.json,,
final_benchmark_episode_v1,rule_gate_center_then_commit,rule,rule_gate_center_then_commit,,False,False,three_gate_sequence,three_gate_training,three_gate_sequence/three_gate_training,marine_race_arena/tracks/training/stage3_three_gates.json,False,,27026,holdout,FINISHED,FINISHED,True,3,3,True,23.6,23.6,0.0,7.866666666666667,0,0,0,False,0,0,False,0,False,0,0,False,0,,False,16.8752,346,32.3396,160.878,holoocean,0.1,none,240.0,0.013429354876279831,0.012659049592912197,0.017182698473334312,0.0,0.0,True,results/rl/final_benchmark/reliability_first_20260731/artifacts/rule_gate_center_then_commit__three_gate_sequence__three_gate_training__seed27026.trajectory.json,,
final_benchmark_episode_v1,bc_v3,bc,rl_multigate_controller,results/rl/multigate_longrun/bc_v3_balanced_v2_20260728/bc_v3.pt,True,False,three_gate_sequence,three_gate_training,three_gate_sequence/three_gate_training,marine_race_arena/tracks/training/stage3_three_gates.json,False,,27027,holdout,FINISHED,FINISHED,True,3,3,True,30.4,30.4,0.0,10.133333333333333,0,0,0,False,0,0,False,0,False,0,0,False,0,0,False,16.8871,422,59.4238,188.296,holoocean,0.1,none,240.0,0.01864834874868393,0.018716121092438698,0.03147827461361885,0.0,0.0,True,results/rl/final_benchmark/reliability_first_20260731/artifacts/bc_v3__three_gate_sequence__three_gate_training__seed27027.trajectory.json,,
final_benchmark_episode_v1,hybrid,hybrid,hybrid_gate_controller,results/rl_public/stage1/bc/model/best_model.pt,False,True,three_gate_sequence,three_gate_training,three_gate_sequence/three_gate_training,marine_race_arena/tracks/training/stage3_three_gates.json,False,,27027,holdout,FINISHED,FINISHED,True,3,3,True,23.300000000000004,23.300000000000004,0.0,7.766666666666668,0,0,0,False,0,0,False,0,False,0,0,False,0,,False,16.8677,341,114.5533,187.238,holoocean,0.1,none,240.0,0.014151518233120441,0.009432324208319187,0.018474552780389786,0.0,0.0,True,results/rl/final_benchmark/reliability_first_20260731/artifacts/hybrid__three_gate_sequence__three_gate_training__seed27027.trajectory.json,,
final_benchmark_episode_v1,ppo_1000814,ppo,rl_multigate_controller,results\rl\multigate_reliability_first\r2_reliability_first_seed23001_c3_recovery_476525\checkpoints\ppo_1000814_steps.zip,True,False,three_gate_sequence,three_gate_training,three_gate_sequence/three_gate_training,marine_race_arena/tracks/training/stage3_three_gates.json,False,,27027,holdout,DNF,REFEREE_TERMINAL,False,2,3,False,,,75.0,,15,0,137,True,0,0,False,0,False,1,0,True,0,1,False,13.7434,368,60.1682,173.471,holoocean,0.1,none,240.0,0.01874011941254139,0.05658470094203949,0.04046732187271118,0.0,0.0,True,results/rl/final_benchmark/reliability_first_20260731/artifacts/ppo_1000814__three_gate_sequence__three_gate_training__seed27027.trajectory.json,,
final_benchmark_episode_v1,ppo_525678,ppo,rl_multigate_controller,results\rl\multigate_reliability_first\r2_reliability_first_seed23001_c3_recovery_476525\checkpoints\ppo_525678_steps.zip,True,False,three_gate_sequence,three_gate_training,three_gate_sequence/three_gate_training,marine_race_arena/tracks/training/stage3_three_gates.json,False,,27027,holdout,FINISHED,FINISHED,True,3,3,True,27.8,27.8,0.0,9.266666666666667,0,0,0,False,0,0,False,0,False,0,0,False,0,1,False,22.4774,360,67.6956,168.448,holoocean,0.1,none,240.0,0.024040084332227707,0.030706899240612984,0.04308366775512695,0.0,0.0,True,results/rl/final_benchmark/reliability_first_20260731/artifacts/ppo_525678__three_gate_sequence__three_gate_training__seed27027.trajectory.json,,
final_benchmark_episode_v1,ppo_900462,ppo,rl_multigate_controller,results\rl\multigate_reliability_first\r2_reliability_first_seed23001_c3_recovery_476525\checkpoints\ppo_900462_steps.zip,True,False,three_gate_sequence,three_gate_training,three_gate_sequence/three_gate_training,marine_race_arena/tracks/training/stage3_three_gates.json,False,,27027,holdout,DNF,REFEREE_TERMINAL,False,2,3,False,,,0.0,,0,0,0,False,0,0,False,0,False,1,0,False,0,1,False,11.7429,180,63.2621,133.341,holoocean,0.1,none,240.0,0.02485489845275879,0.027130598202347755,0.043888870626688004,0.0,0.0,True,results/rl/final_benchmark/reliability_first_20260731/artifacts/ppo_900462__three_gate_sequence__three_gate_training__seed27027.trajectory.json,,
final_benchmark_episode_v1,rule_gate_center_then_commit,rule,rule_gate_center_then_commit,,False,False,three_gate_sequence,three_gate_training,three_gate_sequence/three_gate_training,marine_race_arena/tracks/training/stage3_three_gates.json,False,,27027,holdout,FINISHED,FINISHED,True,3,3,True,27.599999999999998,27.599999999999998,0.0,9.2,0,0,0,False,0,0,False,0,False,0,0,False,0,,False,17.3097,381,32.9007,175.035,holoocean,0.1,none,240.0,0.013546943664550781,0.013361132703721523,0.019298510625958443,0.0,0.0,True,results/rl/final_benchmark/reliability_first_20260731/artifacts/rule_gate_center_then_commit__three_gate_sequence__three_gate_training__seed27027.trajectory.json,,
final_benchmark_episode_v1,bc_v3,bc,rl_multigate_controller,results/rl/multigate_longrun/bc_v3_balanced_v2_20260728/bc_v3.pt,True,False,two_gate_left,left_20deg_generated,two_gate_left/left_20deg_generated,results/rl/final_benchmark/reliability_first_20260731/generated_tracks/two_gate_left__left_20deg_generated.json,False,,21210,reused,FINISHED,FINISHED,True,2,2,True,32.2,32.2,0.0,16.1,0,0,0,False,0,0,False,0,False,0,0,False,0,0,False,12.1189,410,64.0709,159.419,holoocean,0.1,none,180.0,0.016796767711639404,0.014431883580982685,0.03154158964753151,0.0,0.0,True,results/rl/final_benchmark/reliability_first_20260731/artifacts/bc_v3__two_gate_left__left_20deg_generated__seed21210.trajectory.json,,
final_benchmark_episode_v1,hybrid,hybrid,hybrid_gate_controller,results/rl_public/stage1/bc/model/best_model.pt,False,True,two_gate_left,left_20deg_generated,two_gate_left/left_20deg_generated,results/rl/final_benchmark/reliability_first_20260731/generated_tracks/two_gate_left__left_20deg_generated.json,False,,21210,reused,FINISHED,FINISHED,True,2,2,True,20.7,20.7,0.0,10.35,0,0,0,False,0,0,False,0,False,0,0,False,0,,False,11.1647,339,108.9877,156.082,holoocean,0.1,none,180.0,0.011844536289572716,0.00649917172268033,0.035940203815698624,0.0,0.0,True,results/rl/final_benchmark/reliability_first_20260731/artifacts/hybrid__two_gate_left__left_20deg_generated__seed21210.trajectory.json,,
final_benchmark_episode_v1,ppo_1000814,ppo,rl_multigate_controller,results\rl\multigate_reliability_first\r2_reliability_first_seed23001_c3_recovery_476525\checkpoints\ppo_1000814_steps.zip,True,False,two_gate_left,left_20deg_generated,two_gate_left/left_20deg_generated,results/rl/final_benchmark/reliability_first_20260731/generated_tracks/two_gate_left__left_20deg_generated.json,False,,21210,reused,FINISHED,FINISHED,True,2,2,True,8.2,8.2,0.0,4.1,0,0,0,False,0,0,False,0,False,0,0,False,0,1,False,10.6291,160,55.3374,119.3,holoocean,0.1,none,180.0,0.022765519097447395,0.026339566335082054,0.04792168363928795,0.0,0.0,True,results/rl/final_benchmark/reliability_first_20260731/artifacts/ppo_1000814__two_gate_left__left_20deg_generated__seed21210.trajectory.json,,
final_benchmark_episode_v1,ppo_525678,ppo,rl_multigate_controller,results\rl\multigate_reliability_first\r2_reliability_first_seed23001_c3_recovery_476525\checkpoints\ppo_525678_steps.zip,True,False,two_gate_left,left_20deg_generated,two_gate_left/left_20deg_generated,results/rl/final_benchmark/reliability_first_20260731/generated_tracks/two_gate_left__left_20deg_generated.json,False,,21210,reused,FINISHED,FINISHED,True,2,2,True,7.0,7.0,0.0,3.5,0,0,0,False,0,0,False,0,False,0,0,False,0,0,False,10.7412,142,66.6324,119.33,holoocean,0.1,none,180.0,0.018782000988721848,0.025064481422305107,0.04432739317417145,0.0,0.0,True,results/rl/final_benchmark/reliability_first_20260731/artifacts/ppo_525678__two_gate_left__left_20deg_generated__seed21210.trajectory.json,,
final_benchmark_episode_v1,ppo_900462,ppo,rl_multigate_controller,results\rl\multigate_reliability_first\r2_reliability_first_seed23001_c3_recovery_476525\checkpoints\ppo_900462_steps.zip,True,False,two_gate_left,left_20deg_generated,two_gate_left/left_20deg_generated,results/rl/final_benchmark/reliability_first_20260731/generated_tracks/two_gate_left__left_20deg_generated.json,False,,21210,reused,FINISHED,FINISHED,True,2,2,True,14.500000000000002,14.500000000000002,0.0,7.250000000000001,0,0,0,False,0,0,False,0,False,0,0,False,0,0,False,11.6888,226,89.0709,117.22,holoocean,0.1,none,180.0,0.024113565683364868,0.02065744251012802,0.04728011414408684,0.0,0.0,True,results/rl/final_benchmark/reliability_first_20260731/artifacts/ppo_900462__two_gate_left__left_20deg_generated__seed21210.trajectory.json,,
final_benchmark_episode_v1,rule_gate_center_then_commit,rule,rule_gate_center_then_commit,,False,False,two_gate_left,left_20deg_generated,two_gate_left/left_20deg_generated,results/rl/final_benchmark/reliability_first_20260731/generated_tracks/two_gate_left__left_20deg_generated.json,False,,21210,reused,FINISHED,FINISHED,True,2,2,True,18.0,18.0,0.0,9.0,0,0,0,False,0,0,False,0,False,0,0,False,0,,False,11.3683,282,32.8772,154.605,holoocean,0.1,none,180.0,0.009735602885484695,0.007195149082690477,0.031076010316610336,0.0,0.0,True,results/rl/final_benchmark/reliability_first_20260731/artifacts/rule_gate_center_then_commit__two_gate_left__left_20deg_generated__seed21210.trajectory.json,,
final_benchmark_episode_v1,bc_v3,bc,rl_multigate_controller,results/rl/multigate_longrun/bc_v3_balanced_v2_20260728/bc_v3.pt,True,False,two_gate_left,left_20deg_generated,two_gate_left/left_20deg_generated,results/rl/final_benchmark/reliability_first_20260731/generated_tracks/two_gate_left__left_20deg_generated.json,False,,21211,reused,FINISHED,FINISHED,True,2,2,True,20.700000000000003,20.700000000000003,0.0,10.350000000000001,0,0,0,False,0,0,False,0,False,0,0,False,0,0,False,11.64,297,81.464,179.039,holoocean,0.1,none,180.0,0.015242663212120533,0.011666404083371162,0.02857275679707527,0.0,0.0,True,results/rl/final_benchmark/reliability_first_20260731/artifacts/bc_v3__two_gate_left__left_20deg_generated__seed21211.trajectory.json,,
final_benchmark_episode_v1,hybrid,hybrid,hybrid_gate_controller,results/rl_public/stage1/bc/model/best_model.pt,False,True,two_gate_left,left_20deg_generated,two_gate_left/left_20deg_generated,results/rl/final_benchmark/reliability_first_20260731/generated_tracks/two_gate_left__left_20deg_generated.json,False,,21211,reused,FINISHED,FINISHED,True,2,2,True,25.499999999999996,25.499999999999996,0.0,12.749999999999998,0,0,0,False,0,0,False,0,False,0,0,False,0,,False,11.4689,360,119.9582,165.062,holoocean,0.1,none,180.0,0.01458777580410242,0.010393189266324043,0.03553374484181404,0.0,0.0,True,results/rl/final_benchmark/reliability_first_20260731/artifacts/hybrid__two_gate_left__left_20deg_generated__seed21211.trajectory.json,,
final_benchmark_episode_v1,ppo_1000814,ppo,rl_multigate_controller,results\rl\multigate_reliability_first\r2_reliability_first_seed23001_c3_recovery_476525\checkpoints\ppo_1000814_steps.zip,True,False,two_gate_left,left_20deg_generated,two_gate_left/left_20deg_generated,results/rl/final_benchmark/reliability_first_20260731/generated_tracks/two_gate_left__left_20deg_generated.json,False,,21211,reused,FINISHED,FINISHED,True,2,2,True,7.8,7.8,0.0,3.9,0,0,0,False,0,0,False,0,False,0,0,False,0,0,False,10.5971,154,66.8742,123.282,holoocean,0.1,none,180.0,0.02022714354097843,0.02183736115694046,0.044327933341264725,0.0,0.0,True,results/rl/final_benchmark/reliability_first_20260731/artifacts/ppo_1000814__two_gate_left__left_20deg_generated__seed21211.trajectory.json,,
final_benchmark_episode_v1,ppo_525678,ppo,rl_multigate_controller,results\rl\multigate_reliability_first\r2_reliability_first_seed23001_c3_recovery_476525\checkpoints\ppo_525678_steps.zip,True,False,two_gate_left,left_20deg_generated,two_gate_left/left_20deg_generated,results/rl/final_benchmark/reliability_first_20260731/generated_tracks/two_gate_left__left_20deg_generated.json,False,,21211,reused,FINISHED,FINISHED,True,2,2,True,7.0,7.0,0.0,3.5,0,0,0,False,0,0,False,0,False,0,0,False,0,0,False,10.7266,144,65.046,89.771,holoocean,0.1,none,180.0,0.018568430095911026,0.02494969591498375,0.04635490104556084,0.0,0.0,True,results/rl/final_benchmark/reliability_first_20260731/artifacts/ppo_525678__two_gate_left__left_20deg_generated__seed21211.trajectory.json,,
final_benchmark_episode_v1,ppo_900462,ppo,rl_multigate_controller,results\rl\multigate_reliability_first\r2_reliability_first_seed23001_c3_recovery_476525\checkpoints\ppo_900462_steps.zip,True,False,two_gate_left,left_20deg_generated,two_gate_left/left_20deg_generated,results/rl/final_benchmark/reliability_first_20260731/generated_tracks/two_gate_left__left_20deg_generated.json,False,,21211,reused,FINISHED,FINISHED,True,2,2,True,10.2,10.2,0.0,5.1,0,0,0,False,0,0,False,0,False,0,0,False,0,0,False,10.6136,180,58.8304,111.483,holoocean,0.1,none,180.0,0.02368149720132351,0.020548149943351746,0.04592376947402954,0.0,0.0,True,results/rl/final_benchmark/reliability_first_20260731/artifacts/ppo_900462__two_gate_left__left_20deg_generated__seed21211.trajectory.json,,
final_benchmark_episode_v1,rule_gate_center_then_commit,rule,rule_gate_center_then_commit,,False,False,two_gate_left,left_20deg_generated,two_gate_left/left_20deg_generated,results/rl/final_benchmark/reliability_first_20260731/generated_tracks/two_gate_left__left_20deg_generated.json,False,,21211,reused,FINISHED,FINISHED,True,2,2,True,32.6,32.6,0.0,16.3,0,0,0,False,0,0,False,0,False,0,0,False,0,,False,12.7509,428,33.3811,210.328,holoocean,0.1,none,180.0,0.013769637793302536,0.010329565033316612,0.04212375357747078,0.0,0.0,True,results/rl/final_benchmark/reliability_first_20260731/artifacts/rule_gate_center_then_commit__two_gate_left__left_20deg_generated__seed21211.trajectory.json,,
final_benchmark_episode_v1,bc_v3,bc,rl_multigate_controller,results/rl/multigate_longrun/bc_v3_balanced_v2_20260728/bc_v3.pt,True,False,two_gate_left,left_20deg_generated,two_gate_left/left_20deg_generated,results/rl/final_benchmark/reliability_first_20260731/generated_tracks/two_gate_left__left_20deg_generated.json,False,,27010,holdout,FINISHED,FINISHED,True,2,2,True,33.7,33.7,0.0,16.85,0,0,0,False,0,0,False,0,False,0,0,False,0,0,False,12.4647,434,73.2021,210.146,holoocean,0.1,none,180.0,0.014751261100172997,0.012772738002240658,0.03381064161658287,0.0,0.0,True,results/rl/final_benchmark/reliability_first_20260731/artifacts/bc_v3__two_gate_left__left_20deg_generated__seed27010.trajectory.json,,
final_benchmark_episode_v1,hybrid,hybrid,hybrid_gate_controller,results/rl_public/stage1/bc/model/best_model.pt,False,True,two_gate_left,left_20deg_generated,two_gate_left/left_20deg_generated,results/rl/final_benchmark/reliability_first_20260731/generated_tracks/two_gate_left__left_20deg_generated.json,False,,27010,holdout,FINISHED,FINISHED,True,2,2,True,17.5,17.5,0.0,8.75,0,0,0,False,0,0,False,0,False,0,0,False,0,,False,11.0118,281,112.1599,146.644,holoocean,0.1,none,180.0,0.014876947738230228,0.011621234007179737,0.026411019265651703,0.0,0.0,True,results/rl/final_benchmark/reliability_first_20260731/artifacts/hybrid__two_gate_left__left_20deg_generated__seed27010.trajectory.json,,
final_benchmark_episode_v1,ppo_1000814,ppo,rl_multigate_controller,results\rl\multigate_reliability_first\r2_reliability_first_seed23001_c3_recovery_476525\checkpoints\ppo_1000814_steps.zip,True,False,two_gate_left,left_20deg_generated,two_gate_left/left_20deg_generated,results/rl/final_benchmark/reliability_first_20260731/generated_tracks/two_gate_left__left_20deg_generated.json,False,,27010,holdout,FINISHED,FINISHED,True,2,2,True,12.999999999999998,12.999999999999998,0.0,6.499999999999999,0,0,0,False,0,0,False,0,False,0,0,False,0,1,False,11.6716,222,66.4943,123.092,holoocean,0.1,none,180.0,0.023897819221019745,0.024617435410618782,0.04604996368288994,0.0,0.0,True,results/rl/final_benchmark/reliability_first_20260731/artifacts/ppo_1000814__two_gate_left__left_20deg_generated__seed27010.trajectory.json,,
final_benchmark_episode_v1,ppo_525678,ppo,rl_multigate_controller,results\rl\multigate_reliability_first\r2_reliability_first_seed23001_c3_recovery_476525\checkpoints\ppo_525678_steps.zip,True,False,two_gate_left,left_20deg_generated,two_gate_left/left_20deg_generated,results/rl/final_benchmark/reliability_first_20260731/generated_tracks/two_gate_left__left_20deg_generated.json,False,,27010,holdout,FINISHED,FINISHED,True,2,2,True,8.6,8.6,0.0,4.3,0,0,0,False,0,0,False,0,False,0,0,False,0,0,False,11.028,160,60.8304,100.083,holoocean,0.1,none,180.0,0.021170368418097496,0.02527450956404209,0.04505852982401848,0.0,0.0,True,results/rl/final_benchmark/reliability_first_20260731/artifacts/ppo_525678__two_gate_left__left_20deg_generated__seed27010.trajectory.json,,
final_benchmark_episode_v1,ppo_900462,ppo,rl_multigate_controller,results\rl\multigate_reliability_first\r2_reliability_first_seed23001_c3_recovery_476525\checkpoints\ppo_900462_steps.zip,True,False,two_gate_left,left_20deg_generated,two_gate_left/left_20deg_generated,results/rl/final_benchmark/reliability_first_20260731/generated_tracks/two_gate_left__left_20deg_generated.json,False,,27010,holdout,FINISHED,FINISHED,True,2,2,True,9.700000000000001,9.700000000000001,0.0,4.8500000000000005,0,0,0,False,0,0,False,0,False,0,0,False,0,0,False,10.8907,182,64.7324,89.48,holoocean,0.1,none,180.0,0.02500002272427082,0.02194928377866745,0.044132400304079056,0.0,0.0,True,results/rl/final_benchmark/reliability_first_20260731/artifacts/ppo_900462__two_gate_left__left_20deg_generated__seed27010.trajectory.json,,
final_benchmark_episode_v1,rule_gate_center_then_commit,rule,rule_gate_center_then_commit,,False,False,two_gate_left,left_20deg_generated,two_gate_left/left_20deg_generated,results/rl/final_benchmark/reliability_first_20260731/generated_tracks/two_gate_left__left_20deg_generated.json,False,,27010,holdout,FINISHED,FINISHED,True,2,2,True,9.4,9.4,0.0,4.7,0,0,0,False,0,0,False,0,False,0,0,False,0,,False,10.3333,197,33.1538,139.011,holoocean,0.1,none,180.0,0.007760798092931509,0.006396506447345018,0.01848551444709301,0.0,0.0,True,results/rl/final_benchmark/reliability_first_20260731/artifacts/rule_gate_center_then_commit__two_gate_left__left_20deg_generated__seed27010.trajectory.json,,
final_benchmark_episode_v1,bc_v3,bc,rl_multigate_controller,results/rl/multigate_longrun/bc_v3_balanced_v2_20260728/bc_v3.pt,True,False,two_gate_left,left_20deg_generated,two_gate_left/left_20deg_generated,results/rl/final_benchmark/reliability_first_20260731/generated_tracks/two_gate_left__left_20deg_generated.json,False,,27011,holdout,FINISHED,FINISHED,True,2,2,True,29.000000000000004,29.000000000000004,0.0,14.500000000000002,0,0,0,False,0,0,False,0,False,0,0,False,0,0,False,12.3753,378,79.6603,176.732,holoocean,0.1,none,180.0,0.016243286430835724,0.011226113885641098,0.03282748907804489,0.0,0.0,True,results/rl/final_benchmark/reliability_first_20260731/artifacts/bc_v3__two_gate_left__left_20deg_generated__seed27011.trajectory.json,,
final_benchmark_episode_v1,hybrid,hybrid,hybrid_gate_controller,results/rl_public/stage1/bc/model/best_model.pt,False,True,two_gate_left,left_20deg_generated,two_gate_left/left_20deg_generated,results/rl/final_benchmark/reliability_first_20260731/generated_tracks/two_gate_left__left_20deg_generated.json,False,,27011,holdout,FINISHED,FINISHED,True,2,2,True,19.6,19.6,0.0,9.8,0,0,0,False,0,0,False,0,False,0,0,False,0,,False,11.1544,331,110.8616,173.607,holoocean,0.1,none,180.0,0.013003331609070301,0.011114188469946384,0.032357107847929,0.0,0.0,True,results/rl/final_benchmark/reliability_first_20260731/artifacts/hybrid__two_gate_left__left_20deg_generated__seed27011.trajectory.json,,
final_benchmark_episode_v1,ppo_1000814,ppo,rl_multigate_controller,results\rl\multigate_reliability_first\r2_reliability_first_seed23001_c3_recovery_476525\checkpoints\ppo_1000814_steps.zip,True,False,two_gate_left,left_20deg_generated,two_gate_left/left_20deg_generated,results/rl/final_benchmark/reliability_first_20260731/generated_tracks/two_gate_left__left_20deg_generated.json,False,,27011,holdout,FINISHED,FINISHED,True,2,2,True,7.3999999999999995,7.3999999999999995,0.0,3.6999999999999997,0,0,0,False,0,0,False,0,False,0,0,False,0,0,False,10.5666,150,59.5642,109.994,holoocean,0.1,none,180.0,0.019665446132421494,0.023212945088744164,0.0435587503015995,0.0,0.0,True,results/rl/final_benchmark/reliability_first_20260731/artifacts/ppo_1000814__two_gate_left__left_20deg_generated__seed27011.trajectory.json,,
final_benchmark_episode_v1,ppo_525678,ppo,rl_multigate_controller,results\rl\multigate_reliability_first\r2_reliability_first_seed23001_c3_recovery_476525\checkpoints\ppo_525678_steps.zip,True,False,two_gate_left,left_20deg_generated,two_gate_left/left_20deg_generated,results/rl/final_benchmark/reliability_first_20260731/generated_tracks/two_gate_left__left_20deg_generated.json,False,,27011,holdout,FINISHED,FINISHED,True,2,2,True,7.1,7.1,0.0,3.55,0,0,0,False,0,0,False,0,False,0,0,False,0,0,False,10.7206,144,66.7991,102.002,holoocean,0.1,none,180.0,0.018602725118398666,0.0250735804438591,0.04561147466301918,0.0,0.0,True,results/rl/final_benchmark/reliability_first_20260731/artifacts/ppo_525678__two_gate_left__left_20deg_generated__seed27011.trajectory.json,,
final_benchmark_episode_v1,ppo_900462,ppo,rl_multigate_controller,results\rl\multigate_reliability_first\r2_reliability_first_seed23001_c3_recovery_476525\checkpoints\ppo_900462_steps.zip,True,False,two_gate_left,left_20deg_generated,two_gate_left/left_20deg_generated,results/rl/final_benchmark/reliability_first_20260731/generated_tracks/two_gate_left__left_20deg_generated.json,False,,27011,holdout,FINISHED,FINISHED,True,2,2,True,8.6,8.6,0.0,4.3,0,0,0,False,0,0,False,0,False,0,0,False,0,1,False,12.279,223,66.603,127.24,holoocean,0.1,none,180.0,0.028815381228923798,0.036632563918828964,0.04868456721305847,0.0,0.0,True,results/rl/final_benchmark/reliability_first_20260731/artifacts/ppo_900462__two_gate_left__left_20deg_generated__seed27011.trajectory.json,,
final_benchmark_episode_v1,rule_gate_center_then_commit,rule,rule_gate_center_then_commit,,False,False,two_gate_left,left_20deg_generated,two_gate_left/left_20deg_generated,results/rl/final_benchmark/reliability_first_20260731/generated_tracks/two_gate_left__left_20deg_generated.json,False,,27011,holdout,FINISHED,FINISHED,True,2,2,True,18.0,18.0,0.0,9.0,0,0,0,False,0,0,False,0,False,0,0,False,0,,False,11.3683,282,40.9268,139.545,holoocean,0.1,none,180.0,0.009735602885484695,0.007195149082690477,0.031076010316610336,0.0,0.0,True,results/rl/final_benchmark/reliability_first_20260731/artifacts/rule_gate_center_then_commit__two_gate_left__left_20deg_generated__seed27011.trajectory.json,,
final_benchmark_episode_v1,bc_v3,bc,rl_multigate_controller,results/rl/multigate_longrun/bc_v3_balanced_v2_20260728/bc_v3.pt,True,False,two_gate_left,left_37deg_fixed,two_gate_left/left_37deg_fixed,marine_race_arena/tracks/tests/two_gate_left_curve.json,False,,21208,reused,FINISHED,FINISHED,True,2,2,True,17.9,17.9,0.0,8.95,0,0,0,False,0,0,False,0,False,0,0,False,0,1,False,11.6694,274,93.1994,139.702,holoocean,0.1,none,150.0,0.017607813701033592,0.02280779555439949,0.02727978676557541,0.0,0.0,True,results/rl/final_benchmark/reliability_first_20260731/artifacts/bc_v3__two_gate_left__left_37deg_fixed__seed21208.trajectory.json,,
final_benchmark_episode_v1,hybrid,hybrid,hybrid_gate_controller,results/rl_public/stage1/bc/model/best_model.pt,False,True,two_gate_left,left_37deg_fixed,two_gate_left/left_37deg_fixed,marine_race_arena/tracks/tests/two_gate_left_curve.json,False,,21208,reused,FINISHED,FINISHED,True,2,2,True,17.4,17.4,0.0,8.7,0,0,0,False,0,0,False,0,False,0,0,False,0,,False,10.8566,269,111.2199,135.358,holoocean,0.1,none,150.0,0.014529881998896599,0.009471439756453037,0.024399885907769203,0.0,0.0,True,results/rl/final_benchmark/reliability_first_20260731/artifacts/hybrid__two_gate_left__left_37deg_fixed__seed21208.trajectory.json,,
final_benchmark_episode_v1,ppo_1000814,ppo,rl_multigate_controller,results\rl\multigate_reliability_first\r2_reliability_first_seed23001_c3_recovery_476525\checkpoints\ppo_1000814_steps.zip,True,False,two_gate_left,left_37deg_fixed,two_gate_left/left_37deg_fixed,marine_race_arena/tracks/tests/two_gate_left_curve.json,False,,21208,reused,FINISHED,FINISHED,True,2,2,True,10.0,10.0,0.0,5.0,0,0,0,False,0,0,False,0,False,0,0,False,0,1,False,11.0709,198,56.456,101.988,holoocean,0.1,none,150.0,0.022040843963623047,0.02506558783352375,0.0485878512263298,0.0,0.0,True,results/rl/final_benchmark/reliability_first_20260731/artifacts/ppo_1000814__two_gate_left__left_37deg_fixed__seed21208.trajectory.json,,
final_benchmark_episode_v1,ppo_525678,ppo,rl_multigate_controller,results\rl\multigate_reliability_first\r2_reliability_first_seed23001_c3_recovery_476525\checkpoints\ppo_525678_steps.zip,True,False,two_gate_left,left_37deg_fixed,two_gate_left/left_37deg_fixed,marine_race_arena/tracks/tests/two_gate_left_curve.json,False,,21208,reused,FINISHED,FINISHED,True,2,2,True,7.4,7.4,0.0,3.7,0,0,0,False,0,0,False,0,False,0,0,False,0,1,False,10.7057,156,62.66,102.06,holoocean,0.1,none,150.0,0.02372969128191471,0.027491599321365356,0.05094637721776962,0.0,0.0,True,results/rl/final_benchmark/reliability_first_20260731/artifacts/ppo_525678__two_gate_left__left_37deg_fixed__seed21208.trajectory.json,,
final_benchmark_episode_v1,ppo_900462,ppo,rl_multigate_controller,results\rl\multigate_reliability_first\r2_reliability_first_seed23001_c3_recovery_476525\checkpoints\ppo_900462_steps.zip,True,False,two_gate_left,left_37deg_fixed,two_gate_left/left_37deg_fixed,marine_race_arena/tracks/tests/two_gate_left_curve.json,False,,21208,reused,FINISHED,FINISHED,True,2,2,True,9.1,9.1,0.0,4.55,0,0,0,False,0,0,False,0,False,0,0,False,0,1,False,10.9349,178,64.2703,103.166,holoocean,0.1,none,150.0,0.02768043987452984,0.02514953352510929,0.046907875686883926,0.0,0.0,True,results/rl/final_benchmark/reliability_first_20260731/artifacts/ppo_900462__two_gate_left__left_37deg_fixed__seed21208.trajectory.json,,
final_benchmark_episode_v1,rule_gate_center_then_commit,rule,rule_gate_center_then_commit,,False,False,two_gate_left,left_37deg_fixed,two_gate_left/left_37deg_fixed,marine_race_arena/tracks/tests/two_gate_left_curve.json,False,,21208,reused,FINISHED,FINISHED,True,2,2,True,17.8,17.8,0.0,8.9,0,0,0,False,0,0,False,0,False,0,0,False,0,,False,11.2563,268,34.4268,145.522,holoocean,0.1,none,150.0,0.012826467864215374,0.017395371571183205,0.019326932728290558,0.0,0.0,True,results/rl/final_benchmark/reliability_first_20260731/artifacts/rule_gate_center_then_commit__two_gate_left__left_37deg_fixed__seed21208.trajectory.json,,
final_benchmark_episode_v1,bc_v3,bc,rl_multigate_controller,results/rl/multigate_longrun/bc_v3_balanced_v2_20260728/bc_v3.pt,True,False,two_gate_left,left_37deg_fixed,two_gate_left/left_37deg_fixed,marine_race_arena/tracks/tests/two_gate_left_curve.json,False,,21209,reused,FINISHED,FINISHED,True,2,2,True,19.5,19.5,0.0,9.75,0,0,0,False,0,0,False,0,False,0,0,False,0,2,False,12.5984,322,88.4526,166.027,holoocean,0.1,none,150.0,0.021977059543132782,0.03222529962658882,0.03347610682249069,0.0,0.0,True,results/rl/final_benchmark/reliability_first_20260731/artifacts/bc_v3__two_gate_left__left_37deg_fixed__seed21209.trajectory.json,,
final_benchmark_episode_v1,hybrid,hybrid,hybrid_gate_controller,results/rl_public/stage1/bc/model/best_model.pt,False,True,two_gate_left,left_37deg_fixed,two_gate_left/left_37deg_fixed,marine_race_arena/tracks/tests/two_gate_left_curve.json,False,,21209,reused,FINISHED,FINISHED,True,2,2,True,13.3,13.3,0.0,6.65,0,0,0,False,0,0,False,0,False,0,0,False,0,,False,10.8093,232,120.6768,148.771,holoocean,0.1,none,150.0,0.020652638748288155,0.010110781528055668,0.021139806136488914,0.0,0.0,True,results/rl/final_benchmark/reliability_first_20260731/artifacts/hybrid__two_gate_left__left_37deg_fixed__seed21209.trajectory.json,,
final_benchmark_episode_v1,ppo_1000814,ppo,rl_multigate_controller,results\rl\multigate_reliability_first\r2_reliability_first_seed23001_c3_recovery_476525\checkpoints\ppo_1000814_steps.zip,True,False,two_gate_left,left_37deg_fixed,two_gate_left/left_37deg_fixed,marine_race_arena/tracks/tests/two_gate_left_curve.json,False,,21209,reused,FINISHED,FINISHED,True,2,2,True,7.8999999999999995,7.8999999999999995,0.0,3.9499999999999997,0,0,0,False,0,0,False,0,False,0,0,False,0,1,False,10.6966,158,54.4287,136.613,holoocean,0.1,none,150.0,0.023630477488040924,0.023823052644729614,0.03910476714372635,0.0,0.0,True,results/rl/final_benchmark/reliability_first_20260731/artifacts/ppo_1000814__two_gate_left__left_37deg_fixed__seed21209.trajectory.json,,
final_benchmark_episode_v1,ppo_525678,ppo,rl_multigate_controller,results\rl\multigate_reliability_first\r2_reliability_first_seed23001_c3_recovery_476525\checkpoints\ppo_525678_steps.zip,True,False,two_gate_left,left_37deg_fixed,two_gate_left/left_37deg_fixed,marine_race_arena/tracks/tests/two_gate_left_curve.json,False,,21209,reused,FINISHED,FINISHED,True,2,2,True,10.399999999999999,10.399999999999999,0.0,5.199999999999999,0,0,7,False,0,0,False,0,False,0,0,False,0,1,False,11.6081,208,68.7812,110.064,holoocean,0.1,none,150.0,0.020406493917107582,0.02860027737915516,0.05561460927128792,0.0,0.0,True,results/rl/final_benchmark/reliability_first_20260731/artifacts/ppo_525678__two_gate_left__left_37deg_fixed__seed21209.trajectory.json,,
final_benchmark_episode_v1,ppo_900462,ppo,rl_multigate_controller,results\rl\multigate_reliability_first\r2_reliability_first_seed23001_c3_recovery_476525\checkpoints\ppo_900462_steps.zip,True,False,two_gate_left,left_37deg_fixed,two_gate_left/left_37deg_fixed,marine_race_arena/tracks/tests/two_gate_left_curve.json,False,,21209,reused,FINISHED,FINISHED,True,2,2,True,8.799999999999999,8.799999999999999,0.0,4.3999999999999995,0,0,0,False,0,0,False,0,False,0,0,False,0,1,False,12.2723,228,62.8591,142.674,holoocean,0.1,none,150.0,0.030838165432214737,0.03734027221798897,0.048996880650520325,0.0,0.0,True,results/rl/final_benchmark/reliability_first_20260731/artifacts/ppo_900462__two_gate_left__left_37deg_fixed__seed21209.trajectory.json,,
final_benchmark_episode_v1,rule_gate_center_then_commit,rule,rule_gate_center_then_commit,,False,False,two_gate_left,left_37deg_fixed,two_gate_left/left_37deg_fixed,marine_race_arena/tracks/tests/two_gate_left_curve.json,False,,21209,reused,FINISHED,FINISHED,True,2,2,True,17.3,17.3,0.0,8.65,0,0,0,False,0,0,False,0,False,0,0,False,0,,False,11.224,264,35.8313,160.158,holoocean,0.1,none,150.0,0.013389838859438896,0.017998864874243736,0.019185958430171013,0.0,0.0,True,results/rl/final_benchmark/reliability_first_20260731/artifacts/rule_gate_center_then_commit__two_gate_left__left_37deg_fixed__seed21209.trajectory.json,,
final_benchmark_episode_v1,bc_v3,bc,rl_multigate_controller,results/rl/multigate_longrun/bc_v3_balanced_v2_20260728/bc_v3.pt,True,False,two_gate_left,left_37deg_fixed,two_gate_left/left_37deg_fixed,marine_race_arena/tracks/tests/two_gate_left_curve.json,False,,27008,holdout,FINISHED,FINISHED,True,2,2,True,11.000000000000002,11.000000000000002,0.0,5.500000000000001,0,0,0,False,0,0,False,0,False,0,0,False,0,0,False,10.8369,210,72.5771,122.197,holoocean,0.1,none,150.0,0.018083227798342705,0.012931776233017445,0.026535198092460632,0.0,0.0,True,results/rl/final_benchmark/reliability_first_20260731/artifacts/bc_v3__two_gate_left__left_37deg_fixed__seed27008.trajectory.json,,
final_benchmark_episode_v1,hybrid,hybrid,hybrid_gate_controller,results/rl_public/stage1/bc/model/best_model.pt,False,True,two_gate_left,left_37deg_fixed,two_gate_left/left_37deg_fixed,marine_race_arena/tracks/tests/two_gate_left_curve.json,False,,27008,holdout,FINISHED,FINISHED,True,2,2,True,12.8,12.8,0.0,6.4,0,0,0,False,0,0,False,0,False,0,0,False,0,,False,10.6446,220,128.7609,123.442,holoocean,0.1,none,150.0,0.019809793680906296,0.009176626801490784,0.016876280307769775,0.0,0.0,True,results/rl/final_benchmark/reliability_first_20260731/artifacts/hybrid__two_gate_left__left_37deg_fixed__seed27008.trajectory.json,,
final_benchmark_episode_v1,ppo_1000814,ppo,rl_multigate_controller,results\rl\multigate_reliability_first\r2_reliability_first_seed23001_c3_recovery_476525\checkpoints\ppo_1000814_steps.zip,True,False,two_gate_left,left_37deg_fixed,two_gate_left/left_37deg_fixed,marine_race_arena/tracks/tests/two_gate_left_curve.json,False,,27008,holdout,FINISHED,FINISHED,True,2,2,True,8.3,8.3,0.0,4.15,0,0,0,False,0,0,False,0,False,0,0,False,0,1,False,10.6659,170,60.1587,99.906,holoocean,0.1,none,150.0,0.021670106798410416,0.024624230340123177,0.0480719693005085,0.0,0.0,True,results/rl/final_benchmark/reliability_first_20260731/artifacts/ppo_1000814__two_gate_left__left_37deg_fixed__seed27008.trajectory.json,,
final_benchmark_episode_v1,ppo_525678,ppo,rl_multigate_controller,results\rl\multigate_reliability_first\r2_reliability_first_seed23001_c3_recovery_476525\checkpoints\ppo_525678_steps.zip,True,False,two_gate_left,left_37deg_fixed,two_gate_left/left_37deg_fixed,marine_race_arena/tracks/tests/two_gate_left_curve.json,False,,27008,holdout,FINISHED,FINISHED,True,2,2,True,8.9,8.9,0.0,4.45,0,0,0,False,0,0,False,0,False,0,0,False,0,0,False,10.8709,158,75.2312,116.88,holoocean,0.1,none,150.0,0.022173957899212837,0.02444939874112606,0.04573998600244522,0.0,0.0,True,results/rl/final_benchmark/reliability_first_20260731/artifacts/ppo_525678__two_gate_left__left_37deg_fixed__seed27008.trajectory.json,,
final_benchmark_episode_v1,ppo_900462,ppo,rl_multigate_controller,results\rl\multigate_reliability_first\r2_reliability_first_seed23001_c3_recovery_476525\checkpoints\ppo_900462_steps.zip,True,False,two_gate_left,left_37deg_fixed,two_gate_left/left_37deg_fixed,marine_race_arena/tracks/tests/two_gate_left_curve.json,False,,27008,holdout,FINISHED,FINISHED,True,2,2,True,8.7,8.7,0.0,4.35,0,0,0,False,0,0,False,0,False,0,0,False,0,1,False,12.3621,227,58.7649,137.52,holoocean,0.1,none,150.0,0.028505412861704826,0.030853085219860077,0.044613417237997055,0.0,0.0,True,results/rl/final_benchmark/reliability_first_20260731/artifacts/ppo_900462__two_gate_left__left_37deg_fixed__seed27008.trajectory.json,,
final_benchmark_episode_v1,rule_gate_center_then_commit,rule,rule_gate_center_then_commit,,False,False,two_gate_left,left_37deg_fixed,two_gate_left/left_37deg_fixed,marine_race_arena/tracks/tests/two_gate_left_curve.json,False,,27008,holdout,FINISHED,FINISHED,True,2,2,True,17.8,17.8,0.0,8.9,0,0,0,False,0,0,False,0,False,0,0,False,0,,False,11.2563,268,35.2931,165.169,holoocean,0.1,none,150.0,0.012826467864215374,0.017395371571183205,0.019326932728290558,0.0,0.0,True,results/rl/final_benchmark/reliability_first_20260731/artifacts/rule_gate_center_then_commit__two_gate_left__left_37deg_fixed__seed27008.trajectory.json,,
final_benchmark_episode_v1,bc_v3,bc,rl_multigate_controller,results/rl/multigate_longrun/bc_v3_balanced_v2_20260728/bc_v3.pt,True,False,two_gate_left,left_37deg_fixed,two_gate_left/left_37deg_fixed,marine_race_arena/tracks/tests/two_gate_left_curve.json,False,,27009,holdout,FINISHED,FINISHED,True,2,2,True,17.3,17.3,0.0,8.65,0,0,0,False,0,0,False,0,False,0,0,False,0,0,False,11.6688,271,71.4662,152.655,holoocean,0.1,none,150.0,0.016869941726326942,0.020877545699477196,0.02671682834625244,0.0,0.0,True,results/rl/final_benchmark/reliability_first_20260731/artifacts/bc_v3__two_gate_left__left_37deg_fixed__seed27009.trajectory.json,,
final_benchmark_episode_v1,hybrid,hybrid,hybrid_gate_controller,results/rl_public/stage1/bc/model/best_model.pt,False,True,two_gate_left,left_37deg_fixed,two_gate_left/left_37deg_fixed,marine_race_arena/tracks/tests/two_gate_left_curve.json,False,,27009,holdout,FINISHED,FINISHED,True,2,2,True,16.7,16.7,0.0,8.35,0,0,0,False,0,0,False,0,False,0,0,False,0,,False,11.043,265,141.309,153.894,holoocean,0.1,none,150.0,0.015658948570489883,0.009174373000860214,0.024216968566179276,0.0,0.0,True,results/rl/final_benchmark/reliability_first_20260731/artifacts/hybrid__two_gate_left__left_37deg_fixed__seed27009.trajectory.json,,
final_benchmark_episode_v1,ppo_1000814,ppo,rl_multigate_controller,results\rl\multigate_reliability_first\r2_reliability_first_seed23001_c3_recovery_476525\checkpoints\ppo_1000814_steps.zip,True,False,two_gate_left,left_37deg_fixed,two_gate_left/left_37deg_fixed,marine_race_arena/tracks/tests/two_gate_left_curve.json,False,,27009,holdout,FINISHED,FINISHED,True,2,2,True,9.1,9.1,0.0,4.55,0,0,0,False,0,0,False,0,False,0,0,False,0,1,False,11.0213,190,62.2285,105.018,holoocean,0.1,none,150.0,0.02248438447713852,0.026577746495604515,0.049788493663072586,0.0,0.0,True,results/rl/final_benchmark/reliability_first_20260731/artifacts/ppo_1000814__two_gate_left__left_37deg_fixed__seed27009.trajectory.json,,
final_benchmark_episode_v1,ppo_525678,ppo,rl_multigate_controller,results\rl\multigate_reliability_first\r2_reliability_first_seed23001_c3_recovery_476525\checkpoints\ppo_525678_steps.zip,True,False,two_gate_left,left_37deg_fixed,two_gate_left/left_37deg_fixed,marine_race_arena/tracks/tests/two_gate_left_curve.json,False,,27009,holdout,FINISHED,FINISHED,True,2,2,True,7.2,7.2,0.0,3.6,0,0,0,False,0,0,False,0,False,0,0,False,0,0,False,10.4264,142,63.5739,112.155,holoocean,0.1,none,150.0,0.020065780729055405,0.024455498903989792,0.04758176580071449,0.0,0.0,True,results/rl/final_benchmark/reliability_first_20260731/artifacts/ppo_525678__two_gate_left__left_37deg_fixed__seed27009.trajectory.json,,
final_benchmark_episode_v1,ppo_900462,ppo,rl_multigate_controller,results\rl\multigate_reliability_first\r2_reliability_first_seed23001_c3_recovery_476525\checkpoints\ppo_900462_steps.zip,True,False,two_gate_left,left_37deg_fixed,two_gate_left/left_37deg_fixed,marine_race_arena/tracks/tests/two_gate_left_curve.json,False,,27009,holdout,FINISHED,FINISHED,True,2,2,True,8.5,8.5,0.0,4.25,0,0,0,False,0,0,False,0,False,0,0,False,0,1,False,11.8873,222,58.2391,121.557,holoocean,0.1,none,150.0,0.03219025582075119,0.039853546768426895,0.04841436818242073,0.0,0.0,True,results/rl/final_benchmark/reliability_first_20260731/artifacts/ppo_900462__two_gate_left__left_37deg_fixed__seed27009.trajectory.json,,
final_benchmark_episode_v1,rule_gate_center_then_commit,rule,rule_gate_center_then_commit,,False,False,two_gate_left,left_37deg_fixed,two_gate_left/left_37deg_fixed,marine_race_arena/tracks/tests/two_gate_left_curve.json,False,,27009,holdout,FINISHED,FINISHED,True,2,2,True,17.3,17.3,0.0,8.65,0,0,0,False,0,0,False,0,False,0,0,False,0,,False,11.224,264,40.6974,134.013,holoocean,0.1,none,150.0,0.013389838859438896,0.017998864874243736,0.019185958430171013,0.0,0.0,True,results/rl/final_benchmark/reliability_first_20260731/artifacts/rule_gate_center_then_commit__two_gate_left__left_37deg_fixed__seed27009.trajectory.json,,
final_benchmark_episode_v1,bc_v3,bc,rl_multigate_controller,results/rl/multigate_longrun/bc_v3_balanced_v2_20260728/bc_v3.pt,True,False,two_gate_right,right_20deg_generated,two_gate_right/right_20deg_generated,results/rl/final_benchmark/reliability_first_20260731/generated_tracks/two_gate_right__right_20deg_generated.json,False,,21214,reused,FINISHED,FINISHED,True,2,2,True,13.8,13.8,0.0,6.9,0,0,0,False,0,0,False,0,False,0,0,False,0,0,False,10.9349,236,91.7923,140.055,holoocean,0.1,none,180.0,0.014398940838873386,0.008474876172840595,0.02499311789870262,0.0,0.0,True,results/rl/final_benchmark/reliability_first_20260731/artifacts/bc_v3__two_gate_right__right_20deg_generated__seed21214.trajectory.json,,
final_benchmark_episode_v1,hybrid,hybrid,hybrid_gate_controller,results/rl_public/stage1/bc/model/best_model.pt,False,True,two_gate_right,right_20deg_generated,two_gate_right/right_20deg_generated,results/rl/final_benchmark/reliability_first_20260731/generated_tracks/two_gate_right__right_20deg_generated.json,False,,21214,reused,FINISHED,FINISHED,True,2,2,True,14.6,14.6,0.0,7.3,0,0,0,False,0,0,False,0,False,0,0,False,0,,False,10.8638,241,106.6856,128.782,holoocean,0.1,none,180.0,0.01074813399463892,0.005471032578498125,0.024915896356105804,0.0,0.0,True,results/rl/final_benchmark/reliability_first_20260731/artifacts/hybrid__two_gate_right__right_20deg_generated__seed21214.trajectory.json,,
final_benchmark_episode_v1,ppo_1000814,ppo,rl_multigate_controller,results\rl\multigate_reliability_first\r2_reliability_first_seed23001_c3_recovery_476525\checkpoints\ppo_1000814_steps.zip,True,False,two_gate_right,right_20deg_generated,two_gate_right/right_20deg_generated,results/rl/final_benchmark/reliability_first_20260731/generated_tracks/two_gate_right__right_20deg_generated.json,False,,21214,reused,FINISHED,FINISHED,True,2,2,True,9.4,9.4,0.0,4.7,0,0,0,False,0,0,False,0,False,0,0,False,0,0,False,11.1574,166,82.8786,105.637,holoocean,0.1,none,180.0,0.021350916475057602,0.022810813039541245,0.0403580479323864,0.0,0.0,True,results/rl/final_benchmark/reliability_first_20260731/artifacts/ppo_1000814__two_gate_right__right_20deg_generated__seed21214.trajectory.json,,
final_benchmark_episode_v1,ppo_525678,ppo,rl_multigate_controller,results\rl\multigate_reliability_first\r2_reliability_first_seed23001_c3_recovery_476525\checkpoints\ppo_525678_steps.zip,True,False,two_gate_right,right_20deg_generated,two_gate_right/right_20deg_generated,results/rl/final_benchmark/reliability_first_20260731/generated_tracks/two_gate_right__right_20deg_generated.json,False,,21214,reused,FINISHED,FINISHED,True,2,2,True,10.600000000000001,10.600000000000001,0.0,5.300000000000001,0,0,0,False,0,0,False,0,False,0,0,False,0,0,False,12.0085,175,74.568,102.203,holoocean,0.1,none,180.0,0.02469117008149624,0.025281434878706932,0.05102090910077095,0.0,0.0,True,results/rl/final_benchmark/reliability_first_20260731/artifacts/ppo_525678__two_gate_right__right_20deg_generated__seed21214.trajectory.json,,
final_benchmark_episode_v1,ppo_900462,ppo,rl_multigate_controller,results\rl\multigate_reliability_first\r2_reliability_first_seed23001_c3_recovery_476525\checkpoints\ppo_900462_steps.zip,True,False,two_gate_right,right_20deg_generated,two_gate_right/right_20deg_generated,results/rl/final_benchmark/reliability_first_20260731/generated_tracks/two_gate_right__right_20deg_generated.json,False,,21214,reused,FINISHED,FINISHED,True,2,2,True,11.999999999999998,11.999999999999998,0.0,5.999999999999999,0,0,0,False,0,0,False,0,False,0,0,False,0,0,False,11.1946,204,61.6486,123.268,holoocean,0.1,none,180.0,0.02102046087384224,0.025249598547816277,0.04315180331468582,0.0,0.0,True,results/rl/final_benchmark/reliability_first_20260731/artifacts/ppo_900462__two_gate_right__right_20deg_generated__seed21214.trajectory.json,,
final_benchmark_episode_v1,rule_gate_center_then_commit,rule,rule_gate_center_then_commit,,False,False,two_gate_right,right_20deg_generated,two_gate_right/right_20deg_generated,results/rl/final_benchmark/reliability_first_20260731/generated_tracks/two_gate_right__right_20deg_generated.json,False,,21214,reused,FINISHED,FINISHED,True,2,2,True,11.399999999999999,11.399999999999999,0.0,5.699999999999999,0,0,0,False,0,0,False,0,False,0,0,False,0,,False,10.7761,220,35.8831,132.239,holoocean,0.1,none,180.0,0.012348479591310024,0.0054208822548389435,0.025823820382356644,0.0,0.0,True,results/rl/final_benchmark/reliability_first_20260731/artifacts/rule_gate_center_then_commit__two_gate_right__right_20deg_generated__seed21214.trajectory.json,,
final_benchmark_episode_v1,bc_v3,bc,rl_multigate_controller,results/rl/multigate_longrun/bc_v3_balanced_v2_20260728/bc_v3.pt,True,False,two_gate_right,right_20deg_generated,two_gate_right/right_20deg_generated,results/rl/final_benchmark/reliability_first_20260731/generated_tracks/two_gate_right__right_20deg_generated.json,False,,21215,reused,FINISHED,FINISHED,True,2,2,True,20.7,20.7,0.0,10.35,0,0,0,False,0,0,False,0,False,0,0,False,0,0,False,11.4583,306,69.8615,167.786,holoocean,0.1,none,180.0,0.011668805964291096,0.009412522427737713,0.029933497309684753,0.0,0.0,True,results/rl/final_benchmark/reliability_first_20260731/artifacts/bc_v3__two_gate_right__right_20deg_generated__seed21215.trajectory.json,,
final_benchmark_episode_v1,hybrid,hybrid,hybrid_gate_controller,results/rl_public/stage1/bc/model/best_model.pt,False,True,two_gate_right,right_20deg_generated,two_gate_right/right_20deg_generated,results/rl/final_benchmark/reliability_first_20260731/generated_tracks/two_gate_right__right_20deg_generated.json,False,,21215,reused,FINISHED,FINISHED,True,2,2,True,14.0,14.0,0.0,7.0,0,0,0,False,0,0,False,0,False,0,0,False,0,,False,10.8118,237,106.0663,133.507,holoocean,0.1,none,180.0,0.012536561116576195,0.004713410511612892,0.025229835882782936,0.0,0.0,True,results/rl/final_benchmark/reliability_first_20260731/artifacts/hybrid__two_gate_right__right_20deg_generated__seed21215.trajectory.json,,
final_benchmark_episode_v1,ppo_1000814,ppo,rl_multigate_controller,results\rl\multigate_reliability_first\r2_reliability_first_seed23001_c3_recovery_476525\checkpoints\ppo_1000814_steps.zip,True,False,two_gate_right,right_20deg_generated,two_gate_right/right_20deg_generated,results/rl/final_benchmark/reliability_first_20260731/generated_tracks/two_gate_right__right_20deg_generated.json,False,,21215,reused,FINISHED,FINISHED,True,2,2,True,11.399999999999999,11.399999999999999,0.0,5.699999999999999,0,0,0,False,0,0,False,0,False,0,0,False,0,0,False,11.3431,192,71.4609,123.242,holoocean,0.1,none,180.0,0.023182472214102745,0.02444714866578579,0.04600264132022858,0.0,0.0,True,results/rl/final_benchmark/reliability_first_20260731/artifacts/ppo_1000814__two_gate_right__right_20deg_generated__seed21215.trajectory.json,,
final_benchmark_episode_v1,ppo_525678,ppo,rl_multigate_controller,results\rl\multigate_reliability_first\r2_reliability_first_seed23001_c3_recovery_476525\checkpoints\ppo_525678_steps.zip,True,False,two_gate_right,right_20deg_generated,two_gate_right/right_20deg_generated,results/rl/final_benchmark/reliability_first_20260731/generated_tracks/two_gate_right__right_20deg_generated.json,False,,21215,reused,FINISHED,FINISHED,True,2,2,True,11.3,11.3,0.0,5.65,0,0,0,False,0,0,False,0,False,0,0,False,0,0,False,11.926,188,57.3249,108.269,holoocean,0.1,none,180.0,0.02443685382604599,0.028054561465978622,0.05190366506576538,0.0,0.0,True,results/rl/final_benchmark/reliability_first_20260731/artifacts/ppo_525678__two_gate_right__right_20deg_generated__seed21215.trajectory.json,,
final_benchmark_episode_v1,ppo_900462,ppo,rl_multigate_controller,results\rl\multigate_reliability_first\r2_reliability_first_seed23001_c3_recovery_476525\checkpoints\ppo_900462_steps.zip,True,False,two_gate_right,right_20deg_generated,two_gate_right/right_20deg_generated,results/rl/final_benchmark/reliability_first_20260731/generated_tracks/two_gate_right__right_20deg_generated.json,False,,21215,reused,FINISHED,FINISHED,True,2,2,True,10.599999999999998,10.599999999999998,0.0,5.299999999999999,0,0,0,False,0,0,False,0,False,0,0,False,0,0,False,11.1779,188,57.7598,107.845,holoocean,0.1,none,180.0,0.021608056500554085,0.025141477584838867,0.04310261085629463,0.0,0.0,True,results/rl/final_benchmark/reliability_first_20260731/artifacts/ppo_900462__two_gate_right__right_20deg_generated__seed21215.trajectory.json,,
final_benchmark_episode_v1,rule_gate_center_then_commit,rule,rule_gate_center_then_commit,,False,False,two_gate_right,right_20deg_generated,two_gate_right/right_20deg_generated,results/rl/final_benchmark/reliability_first_20260731/generated_tracks/two_gate_right__right_20deg_generated.json,False,,21215,reused,FINISHED,FINISHED,True,2,2,True,11.399999999999999,11.399999999999999,0.0,5.699999999999999,0,0,0,False,0,0,False,0,False,0,0,False,0,,False,10.7761,220,32.8847,125.488,holoocean,0.1,none,180.0,0.012348479591310024,0.0054208822548389435,0.025823820382356644,0.0,0.0,True,results/rl/final_benchmark/reliability_first_20260731/artifacts/rule_gate_center_then_commit__two_gate_right__right_20deg_generated__seed21215.trajectory.json,,
final_benchmark_episode_v1,bc_v3,bc,rl_multigate_controller,results/rl/multigate_longrun/bc_v3_balanced_v2_20260728/bc_v3.pt,True,False,two_gate_right,right_20deg_generated,two_gate_right/right_20deg_generated,results/rl/final_benchmark/reliability_first_20260731/generated_tracks/two_gate_right__right_20deg_generated.json,False,,27014,holdout,FINISHED,FINISHED,True,2,2,True,15.999999999999998,15.999999999999998,0.0,7.999999999999999,0,0,0,False,0,0,False,0,False,0,0,False,0,0,False,10.8629,263,67.6381,135.502,holoocean,0.1,none,180.0,0.016499347984790802,0.009177054278552532,0.028649916872382164,0.0,0.0,True,results/rl/final_benchmark/reliability_first_20260731/artifacts/bc_v3__two_gate_right__right_20deg_generated__seed27014.trajectory.json,,
final_benchmark_episode_v1,hybrid,hybrid,hybrid_gate_controller,results/rl_public/stage1/bc/model/best_model.pt,False,True,two_gate_right,right_20deg_generated,two_gate_right/right_20deg_generated,results/rl/final_benchmark/reliability_first_20260731/generated_tracks/two_gate_right__right_20deg_generated.json,False,,27014,holdout,FINISHED,FINISHED,True,2,2,True,29.1,29.1,0.0,14.55,0,0,0,False,0,0,False,0,False,0,0,False,0,,False,11.993,396,98.2591,182.056,holoocean,0.1,none,180.0,0.01465743687003851,0.006314450409263372,0.03956029191613197,0.0,0.0,True,results/rl/final_benchmark/reliability_first_20260731/artifacts/hybrid__two_gate_right__right_20deg_generated__seed27014.trajectory.json,,
final_benchmark_episode_v1,ppo_1000814,ppo,rl_multigate_controller,results\rl\multigate_reliability_first\r2_reliability_first_seed23001_c3_recovery_476525\checkpoints\ppo_1000814_steps.zip,True,False,two_gate_right,right_20deg_generated,two_gate_right/right_20deg_generated,results/rl/final_benchmark/reliability_first_20260731/generated_tracks/two_gate_right__right_20deg_generated.json,False,,27014,holdout,FINISHED,FINISHED,True,2,2,True,10.2,10.2,0.0,5.1,0,0,0,False,0,0,False,0,False,0,0,False,0,0,False,11.3107,177,67.5645,129.012,holoocean,0.1,none,180.0,0.021753013134002686,0.02469906583428383,0.04654573276638985,0.0,0.0,True,results/rl/final_benchmark/reliability_first_20260731/artifacts/ppo_1000814__two_gate_right__right_20deg_generated__seed27014.trajectory.json,,
final_benchmark_episode_v1,ppo_525678,ppo,rl_multigate_controller,results\rl\multigate_reliability_first\r2_reliability_first_seed23001_c3_recovery_476525\checkpoints\ppo_525678_steps.zip,True,False,two_gate_right,right_20deg_generated,two_gate_right/right_20deg_generated,results/rl/final_benchmark/reliability_first_20260731/generated_tracks/two_gate_right__right_20deg_generated.json,False,,27014,holdout,FINISHED,FINISHED,True,2,2,True,9.600000000000001,9.600000000000001,0.0,4.800000000000001,0,0,0,False,0,0,False,0,False,0,0,False,0,0,False,11.7565,164,65.6,96.015,holoocean,0.1,none,180.0,0.02365259639918804,0.02405211701989174,0.047134507447481155,0.0,0.0,True,results/rl/final_benchmark/reliability_first_20260731/artifacts/ppo_525678__two_gate_right__right_20deg_generated__seed27014.trajectory.json,,
final_benchmark_episode_v1,ppo_900462,ppo,rl_multigate_controller,results\rl\multigate_reliability_first\r2_reliability_first_seed23001_c3_recovery_476525\checkpoints\ppo_900462_steps.zip,True,False,two_gate_right,right_20deg_generated,two_gate_right/right_20deg_generated,results/rl/final_benchmark/reliability_first_20260731/generated_tracks/two_gate_right__right_20deg_generated.json,False,,27014,holdout,FINISHED,FINISHED,True,2,2,True,11.0,11.0,0.0,5.5,0,0,0,False,0,0,False,0,False,0,0,False,0,0,False,11.114,190,63.2465,107.383,holoocean,0.1,none,180.0,0.02121935598552227,0.024029741063714027,0.0459483303129673,0.0,0.0,True,results/rl/final_benchmark/reliability_first_20260731/artifacts/ppo_900462__two_gate_right__right_20deg_generated__seed27014.trajectory.json,,
final_benchmark_episode_v1,rule_gate_center_then_commit,rule,rule_gate_center_then_commit,,False,False,two_gate_right,right_20deg_generated,two_gate_right/right_20deg_generated,results/rl/final_benchmark/reliability_first_20260731/generated_tracks/two_gate_right__right_20deg_generated.json,False,,27014,holdout,FINISHED,FINISHED,True,2,2,True,11.399999999999999,11.399999999999999,0.0,5.699999999999999,0,0,0,False,0,0,False,0,False,0,0,False,0,,False,10.7761,220,27.9538,106.557,holoocean,0.1,none,180.0,0.012348479591310024,0.0054208822548389435,0.025823820382356644,0.0,0.0,True,results/rl/final_benchmark/reliability_first_20260731/artifacts/rule_gate_center_then_commit__two_gate_right__right_20deg_generated__seed27014.trajectory.json,,
final_benchmark_episode_v1,bc_v3,bc,rl_multigate_controller,results/rl/multigate_longrun/bc_v3_balanced_v2_20260728/bc_v3.pt,True,False,two_gate_right,right_20deg_generated,two_gate_right/right_20deg_generated,results/rl/final_benchmark/reliability_first_20260731/generated_tracks/two_gate_right__right_20deg_generated.json,False,,27015,holdout,FINISHED,FINISHED,True,2,2,True,10.999999999999998,10.999999999999998,0.0,5.499999999999999,0,0,0,False,0,0,False,0,False,0,0,False,0,0,False,10.857,207,71.1914,121.958,holoocean,0.1,none,180.0,0.016294879838824272,0.009885091334581375,0.022564051672816277,0.0,0.0,True,results/rl/final_benchmark/reliability_first_20260731/artifacts/bc_v3__two_gate_right__right_20deg_generated__seed27015.trajectory.json,,
final_benchmark_episode_v1,hybrid,hybrid,hybrid_gate_controller,results/rl_public/stage1/bc/model/best_model.pt,False,True,two_gate_right,right_20deg_generated,two_gate_right/right_20deg_generated,results/rl/final_benchmark/reliability_first_20260731/generated_tracks/two_gate_right__right_20deg_generated.json,False,,27015,holdout,FINISHED,FINISHED,True,2,2,True,13.899999999999999,13.899999999999999,0.0,6.949999999999999,0,0,0,False,0,0,False,0,False,0,0,False,0,,False,10.8784,237,91.5415,145.316,holoocean,0.1,none,180.0,0.01566278375685215,0.0052239615470170975,0.023107608780264854,0.0,0.0,True,results/rl/final_benchmark/reliability_first_20260731/artifacts/hybrid__two_gate_right__right_20deg_generated__seed27015.trajectory.json,,
final_benchmark_episode_v1,ppo_1000814,ppo,rl_multigate_controller,results\rl\multigate_reliability_first\r2_reliability_first_seed23001_c3_recovery_476525\checkpoints\ppo_1000814_steps.zip,True,False,two_gate_right,right_20deg_generated,two_gate_right/right_20deg_generated,results/rl/final_benchmark/reliability_first_20260731/generated_tracks/two_gate_right__right_20deg_generated.json,False,,27015,holdout,FINISHED,FINISHED,True,2,2,True,12.7,12.7,0.0,6.35,0,0,0,False,0,0,False,0,False,0,0,False,0,0,False,11.7048,216,63.9868,130.871,holoocean,0.1,none,180.0,0.022936725988984108,0.027173101902008057,0.050140365958213806,0.0,0.0,True,results/rl/final_benchmark/reliability_first_20260731/artifacts/ppo_1000814__two_gate_right__right_20deg_generated__seed27015.trajectory.json,,
final_benchmark_episode_v1,ppo_525678,ppo,rl_multigate_controller,results\rl\multigate_reliability_first\r2_reliability_first_seed23001_c3_recovery_476525\checkpoints\ppo_525678_steps.zip,True,False,two_gate_right,right_20deg_generated,two_gate_right/right_20deg_generated,results/rl/final_benchmark/reliability_first_20260731/generated_tracks/two_gate_right__right_20deg_generated.json,False,,27015,holdout,FINISHED,FINISHED,True,2,2,True,16.7,16.7,0.0,8.35,0,0,47,False,0,0,False,0,False,0,0,False,0,1,False,12.8246,300,59.3035,154.805,holoocean,0.1,none,180.0,0.030845200642943382,0.03880501911044121,0.04874170571565628,0.0,0.0,True,results/rl/final_benchmark/reliability_first_20260731/artifacts/ppo_525678__two_gate_right__right_20deg_generated__seed27015.trajectory.json,,
final_benchmark_episode_v1,ppo_900462,ppo,rl_multigate_controller,results\rl\multigate_reliability_first\r2_reliability_first_seed23001_c3_recovery_476525\checkpoints\ppo_900462_steps.zip,True,False,two_gate_right,right_20deg_generated,two_gate_right/right_20deg_generated,results/rl/final_benchmark/reliability_first_20260731/generated_tracks/two_gate_right__right_20deg_generated.json,False,,27015,holdout,FINISHED,FINISHED,True,2,2,True,10.500000000000002,10.500000000000002,0.0,5.250000000000001,0,0,0,False,0,0,False,0,False,0,0,False,0,0,False,11.1322,181,60.1663,131.02,holoocean,0.1,none,180.0,0.020548680797219276,0.021633218973875046,0.03782949596643448,0.0,0.0,True,results/rl/final_benchmark/reliability_first_20260731/artifacts/ppo_900462__two_gate_right__right_20deg_generated__seed27015.trajectory.json,,
final_benchmark_episode_v1,rule_gate_center_then_commit,rule,rule_gate_center_then_commit,,False,False,two_gate_right,right_20deg_generated,two_gate_right/right_20deg_generated,results/rl/final_benchmark/reliability_first_20260731/generated_tracks/two_gate_right__right_20deg_generated.json,False,,27015,holdout,FINISHED,FINISHED,True,2,2,True,13.999999999999998,13.999999999999998,0.0,6.999999999999999,0,0,0,False,0,0,False,0,False,0,0,False,0,,False,10.7858,242,31.7044,126.433,holoocean,0.1,none,180.0,0.011948976665735245,0.0045515443198382854,0.029655156657099724,0.0,0.0,True,results/rl/final_benchmark/reliability_first_20260731/artifacts/rule_gate_center_then_commit__two_gate_right__right_20deg_generated__seed27015.trajectory.json,,
final_benchmark_episode_v1,bc_v3,bc,rl_multigate_controller,results/rl/multigate_longrun/bc_v3_balanced_v2_20260728/bc_v3.pt,True,False,two_gate_right,right_37deg_fixed,two_gate_right/right_37deg_fixed,marine_race_arena/tracks/tests/two_gate_right_curve.json,False,,21212,reused,RUNNING,TIME_LIMIT,False,1,2,False,,,0.0,,0,0,0,False,0,0,False,0,False,0,0,False,0,1,True,19.7973,1501,63.3235,565.038,holoocean,0.1,none,150.0,0.014260774478316307,0.00972150918096304,0.03912945091724396,0.0,0.0,True,results/rl/final_benchmark/reliability_first_20260731/artifacts/bc_v3__two_gate_right__right_37deg_fixed__seed21212.trajectory.json,,
final_benchmark_episode_v1,hybrid,hybrid,hybrid_gate_controller,results/rl_public/stage1/bc/model/best_model.pt,False,True,two_gate_right,right_37deg_fixed,two_gate_right/right_37deg_fixed,marine_race_arena/tracks/tests/two_gate_right_curve.json,False,,21212,reused,FINISHED,FINISHED,True,2,2,True,18.6,18.6,0.0,9.3,0,0,0,False,0,0,False,0,False,0,0,False,0,,False,11.3795,276,88.8074,151.013,holoocean,0.1,none,150.0,0.016298210248351097,0.009549718350172043,0.022428903728723526,0.0,0.0,True,results/rl/final_benchmark/reliability_first_20260731/artifacts/hybrid__two_gate_right__right_37deg_fixed__seed21212.trajectory.json,,
final_benchmark_episode_v1,ppo_1000814,ppo,rl_multigate_controller,results\rl\multigate_reliability_first\r2_reliability_first_seed23001_c3_recovery_476525\checkpoints\ppo_1000814_steps.zip,True,False,two_gate_right,right_37deg_fixed,two_gate_right/right_37deg_fixed,marine_race_arena/tracks/tests/two_gate_right_curve.json,False,,21212,reused,FINISHED,FINISHED,True,2,2,True,9.700000000000001,9.700000000000001,0.0,4.8500000000000005,0,0,0,False,0,0,False,0,False,0,0,False,0,0,False,11.341,164,66.574,97.895,holoocean,0.1,none,150.0,0.019458390772342682,0.027714647352695465,0.04399954527616501,0.0,0.0,True,results/rl/final_benchmark/reliability_first_20260731/artifacts/ppo_1000814__two_gate_right__right_37deg_fixed__seed21212.trajectory.json,,
final_benchmark_episode_v1,ppo_525678,ppo,rl_multigate_controller,results\rl\multigate_reliability_first\r2_reliability_first_seed23001_c3_recovery_476525\checkpoints\ppo_525678_steps.zip,True,False,two_gate_right,right_37deg_fixed,two_gate_right/right_37deg_fixed,marine_race_arena/tracks/tests/two_gate_right_curve.json,False,,21212,reused,FINISHED,FINISHED,True,2,2,True,13.9,13.9,0.0,6.95,0,0,0,False,0,0,False,0,False,0,0,False,0,1,False,13.6516,203,58.5982,100.103,holoocean,0.1,none,150.0,0.026204107329249382,0.03174137324094772,0.04717472940683365,0.0,0.0,True,results/rl/final_benchmark/reliability_first_20260731/artifacts/ppo_525678__two_gate_right__right_37deg_fixed__seed21212.trajectory.json,,
final_benchmark_episode_v1,ppo_900462,ppo,rl_multigate_controller,results\rl\multigate_reliability_first\r2_reliability_first_seed23001_c3_recovery_476525\checkpoints\ppo_900462_steps.zip,True,False,two_gate_right,right_37deg_fixed,two_gate_right/right_37deg_fixed,marine_race_arena/tracks/tests/two_gate_right_curve.json,False,,21212,reused,FINISHED,FINISHED,True,2,2,True,9.799999999999999,9.799999999999999,0.0,4.8999999999999995,0,0,0,False,0,0,False,0,False,0,0,False,0,0,False,11.0711,165,78.9746,90.734,holoocean,0.1,none,150.0,0.02034301497042179,0.021610556170344353,0.03899303451180458,0.0,0.0,True,results/rl/final_benchmark/reliability_first_20260731/artifacts/ppo_900462__two_gate_right__right_37deg_fixed__seed21212.trajectory.json,,
final_benchmark_episode_v1,rule_gate_center_then_commit,rule,rule_gate_center_then_commit,,False,False,two_gate_right,right_37deg_fixed,two_gate_right/right_37deg_fixed,marine_race_arena/tracks/tests/two_gate_right_curve.json,False,,21212,reused,FINISHED,FINISHED,True,2,2,True,17.700000000000003,17.700000000000003,0.0,8.850000000000001,0,0,0,False,0,0,False,0,False,0,0,False,0,,False,11.4709,267,31.5275,119.107,holoocean,0.1,none,150.0,0.015532011166214943,0.017131993547081947,0.019584694877266884,0.0,0.0,True,results/rl/final_benchmark/reliability_first_20260731/artifacts/rule_gate_center_then_commit__two_gate_right__right_37deg_fixed__seed21212.trajectory.json,,
final_benchmark_episode_v1,bc_v3,bc,rl_multigate_controller,results/rl/multigate_longrun/bc_v3_balanced_v2_20260728/bc_v3.pt,True,False,two_gate_right,right_37deg_fixed,two_gate_right/right_37deg_fixed,marine_race_arena/tracks/tests/two_gate_right_curve.json,False,,21213,reused,FINISHED,FINISHED,True,2,2,True,18.2,18.2,0.0,9.1,0,0,0,False,0,0,False,0,False,0,0,False,0,1,False,11.5261,277,61.6938,134.29,holoocean,0.1,none,150.0,0.018425773829221725,0.022561397403478622,0.025340953841805458,0.0,0.0,True,results/rl/final_benchmark/reliability_first_20260731/artifacts/bc_v3__two_gate_right__right_37deg_fixed__seed21213.trajectory.json,,
final_benchmark_episode_v1,hybrid,hybrid,hybrid_gate_controller,results/rl_public/stage1/bc/model/best_model.pt,False,True,two_gate_right,right_37deg_fixed,two_gate_right/right_37deg_fixed,marine_race_arena/tracks/tests/two_gate_right_curve.json,False,,21213,reused,FINISHED,FINISHED,True,2,2,True,12.600000000000001,12.600000000000001,0.0,6.300000000000001,0,0,0,False,0,0,False,0,False,0,0,False,0,,False,11.0397,216,103.9958,103.698,holoocean,0.1,none,150.0,0.014993675984442234,0.011541062965989113,0.012966546230018139,0.0,0.0,True,results/rl/final_benchmark/reliability_first_20260731/artifacts/hybrid__two_gate_right__right_37deg_fixed__seed21213.trajectory.json,,
final_benchmark_episode_v1,ppo_1000814,ppo,rl_multigate_controller,results\rl\multigate_reliability_first\r2_reliability_first_seed23001_c3_recovery_476525\checkpoints\ppo_1000814_steps.zip,True,False,two_gate_right,right_37deg_fixed,two_gate_right/right_37deg_fixed,marine_race_arena/tracks/tests/two_gate_right_curve.json,False,,21213,reused,FINISHED,FINISHED,True,2,2,True,9.8,9.8,0.0,4.9,0,0,0,False,0,0,False,0,False,0,0,False,0,0,False,11.3999,166,68.8489,113.657,holoocean,0.1,none,150.0,0.020114457234740257,0.026628684252500534,0.0439775288105011,0.0,0.0,True,results/rl/final_benchmark/reliability_first_20260731/artifacts/ppo_1000814__two_gate_right__right_37deg_fixed__seed21213.trajectory.json,,
final_benchmark_episode_v1,ppo_525678,ppo,rl_multigate_controller,results\rl\multigate_reliability_first\r2_reliability_first_seed23001_c3_recovery_476525\checkpoints\ppo_525678_steps.zip,True,False,two_gate_right,right_37deg_fixed,two_gate_right/right_37deg_fixed,marine_race_arena/tracks/tests/two_gate_right_curve.json,False,,21213,reused,FINISHED,FINISHED,True,2,2,True,18.299999999999997,18.299999999999997,0.0,9.149999999999999,0,0,0,False,0,0,False,0,False,0,0,False,0,2,False,15.3154,318,56.4079,150.759,holoocean,0.1,none,150.0,0.028373688459396362,0.042592853307724,0.051278214901685715,0.0,0.0,True,results/rl/final_benchmark/reliability_first_20260731/artifacts/ppo_525678__two_gate_right__right_37deg_fixed__seed21213.trajectory.json,,
final_benchmark_episode_v1,ppo_900462,ppo,rl_multigate_controller,results\rl\multigate_reliability_first\r2_reliability_first_seed23001_c3_recovery_476525\checkpoints\ppo_900462_steps.zip,True,False,two_gate_right,right_37deg_fixed,two_gate_right/right_37deg_fixed,marine_race_arena/tracks/tests/two_gate_right_curve.json,False,,21213,reused,FINISHED,FINISHED,True,2,2,True,9.6,9.6,0.0,4.8,0,0,0,False,0,0,False,0,False,0,0,False,0,0,False,10.9448,162,54.3263,88.492,holoocean,0.1,none,150.0,0.019682681187987328,0.020814945921301842,0.03950437530875206,0.0,0.0,True,results/rl/final_benchmark/reliability_first_20260731/artifacts/ppo_900462__two_gate_right__right_37deg_fixed__seed21213.trajectory.json,,
final_benchmark_episode_v1,rule_gate_center_then_commit,rule,rule_gate_center_then_commit,,False,False,two_gate_right,right_37deg_fixed,two_gate_right/right_37deg_fixed,marine_race_arena/tracks/tests/two_gate_right_curve.json,False,,21213,reused,FINISHED,FINISHED,True,2,2,True,17.6,17.6,0.0,8.8,0,0,0,False,0,0,False,0,False,0,0,False,0,,False,11.3674,265,29.8324,120.273,holoocean,0.1,none,150.0,0.011676289141178131,0.01660412922501564,0.018082760274410248,0.0,0.0,True,results/rl/final_benchmark/reliability_first_20260731/artifacts/rule_gate_center_then_commit__two_gate_right__right_37deg_fixed__seed21213.trajectory.json,,
final_benchmark_episode_v1,bc_v3,bc,rl_multigate_controller,results/rl/multigate_longrun/bc_v3_balanced_v2_20260728/bc_v3.pt,True,False,two_gate_right,right_37deg_fixed,two_gate_right/right_37deg_fixed,marine_race_arena/tracks/tests/two_gate_right_curve.json,False,,27012,holdout,FINISHED,FINISHED,True,2,2,True,17.2,17.2,0.0,8.6,0,0,0,False,0,0,False,0,False,0,0,False,0,1,False,11.2287,266,56.56,126.607,holoocean,0.1,none,150.0,0.01443394273519516,0.025269778445363045,0.024971487000584602,0.0,0.0,True,results/rl/final_benchmark/reliability_first_20260731/artifacts/bc_v3__two_gate_right__right_37deg_fixed__seed27012.trajectory.json,,
final_benchmark_episode_v1,hybrid,hybrid,hybrid_gate_controller,results/rl_public/stage1/bc/model/best_model.pt,False,True,two_gate_right,right_37deg_fixed,two_gate_right/right_37deg_fixed,marine_race_arena/tracks/tests/two_gate_right_curve.json,False,,27012,holdout,FINISHED,FINISHED,True,2,2,True,15.1,15.1,0.0,7.55,0,0,0,False,0,0,False,0,False,0,0,False,0,,False,11.287,240,90.5355,105.453,holoocean,0.1,none,150.0,0.01772458106279373,0.011522459797561169,0.016289757564663887,0.0,0.0,True,results/rl/final_benchmark/reliability_first_20260731/artifacts/hybrid__two_gate_right__right_37deg_fixed__seed27012.trajectory.json,,
final_benchmark_episode_v1,ppo_1000814,ppo,rl_multigate_controller,results\rl\multigate_reliability_first\r2_reliability_first_seed23001_c3_recovery_476525\checkpoints\ppo_1000814_steps.zip,True,False,two_gate_right,right_37deg_fixed,two_gate_right/right_37deg_fixed,marine_race_arena/tracks/tests/two_gate_right_curve.json,False,,27012,holdout,FINISHED,FINISHED,True,2,2,True,15.5,15.5,0.0,7.75,0,0,0,False,0,0,False,0,False,0,0,False,0,1,False,13.5005,246,65.567,159.781,holoocean,0.1,none,150.0,0.022080643102526665,0.031719014048576355,0.0511680543422699,0.0,0.0,True,results/rl/final_benchmark/reliability_first_20260731/artifacts/ppo_1000814__two_gate_right__right_37deg_fixed__seed27012.trajectory.json,,
final_benchmark_episode_v1,ppo_525678,ppo,rl_multigate_controller,results\rl\multigate_reliability_first\r2_reliability_first_seed23001_c3_recovery_476525\checkpoints\ppo_525678_steps.zip,True,False,two_gate_right,right_37deg_fixed,two_gate_right/right_37deg_fixed,marine_race_arena/tracks/tests/two_gate_right_curve.json,False,,27012,holdout,FINISHED,FINISHED,True,2,2,True,18.1,18.1,0.0,9.05,0,0,0,False,0,0,False,0,False,0,0,False,0,2,False,15.4417,316,60.6858,146.88,holoocean,0.1,none,150.0,0.02992069348692894,0.04324248060584068,0.05348406732082367,0.0,0.0,True,results/rl/final_benchmark/reliability_first_20260731/artifacts/ppo_525678__two_gate_right__right_37deg_fixed__seed27012.trajectory.json,,
final_benchmark_episode_v1,ppo_900462,ppo,rl_multigate_controller,results\rl\multigate_reliability_first\r2_reliability_first_seed23001_c3_recovery_476525\checkpoints\ppo_900462_steps.zip,True,False,two_gate_right,right_37deg_fixed,two_gate_right/right_37deg_fixed,marine_race_arena/tracks/tests/two_gate_right_curve.json,False,,27012,holdout,FINISHED,FINISHED,True,2,2,True,10.2,10.2,0.0,5.1,0,0,0,False,0,0,False,0,False,0,0,False,0,0,False,11.0838,170,59.5338,91.878,holoocean,0.1,none,150.0,0.0211029089987278,0.020460939034819603,0.04095989093184471,0.0,0.0,True,results/rl/final_benchmark/reliability_first_20260731/artifacts/ppo_900462__two_gate_right__right_37deg_fixed__seed27012.trajectory.json,,
final_benchmark_episode_v1,rule_gate_center_then_commit,rule,rule_gate_center_then_commit,,False,False,two_gate_right,right_37deg_fixed,two_gate_right/right_37deg_fixed,marine_race_arena/tracks/tests/two_gate_right_curve.json,False,,27012,holdout,FINISHED,FINISHED,True,2,2,True,17.8,17.8,0.0,8.9,0,0,0,False,0,0,False,0,False,0,0,False,0,,False,11.4134,267,31.2035,129.196,holoocean,0.1,none,150.0,0.011869383044540882,0.01651347428560257,0.017619434744119644,0.0,0.0,True,results/rl/final_benchmark/reliability_first_20260731/artifacts/rule_gate_center_then_commit__two_gate_right__right_37deg_fixed__seed27012.trajectory.json,,
final_benchmark_episode_v1,bc_v3,bc,rl_multigate_controller,results/rl/multigate_longrun/bc_v3_balanced_v2_20260728/bc_v3.pt,True,False,two_gate_right,right_37deg_fixed,two_gate_right/right_37deg_fixed,marine_race_arena/tracks/tests/two_gate_right_curve.json,False,,27013,holdout,FINISHED,FINISHED,True,2,2,True,17.5,17.5,0.0,8.75,0,0,0,False,0,0,False,0,False,0,0,False,0,1,False,11.1724,269,55.8574,136.084,holoocean,0.1,none,150.0,0.0159279927611351,0.023109031841158867,0.02586822398006916,0.0,0.0,True,results/rl/final_benchmark/reliability_first_20260731/artifacts/bc_v3__two_gate_right__right_37deg_fixed__seed27013.trajectory.json,,
final_benchmark_episode_v1,hybrid,hybrid,hybrid_gate_controller,results/rl_public/stage1/bc/model/best_model.pt,False,True,two_gate_right,right_37deg_fixed,two_gate_right/right_37deg_fixed,marine_race_arena/tracks/tests/two_gate_right_curve.json,False,,27013,holdout,FINISHED,FINISHED,True,2,2,True,22.299999999999997,22.299999999999997,0.0,11.149999999999999,0,0,0,False,0,0,False,0,False,0,0,False,0,,False,11.6735,316,80.754,139.163,holoocean,0.1,none,150.0,0.015222877264022827,0.010372021235525608,0.02372792363166809,0.0,0.0,True,results/rl/final_benchmark/reliability_first_20260731/artifacts/hybrid__two_gate_right__right_37deg_fixed__seed27013.trajectory.json,,
final_benchmark_episode_v1,ppo_1000814,ppo,rl_multigate_controller,results\rl\multigate_reliability_first\r2_reliability_first_seed23001_c3_recovery_476525\checkpoints\ppo_1000814_steps.zip,True,False,two_gate_right,right_37deg_fixed,two_gate_right/right_37deg_fixed,marine_race_arena/tracks/tests/two_gate_right_curve.json,False,,27013,holdout,FINISHED,FINISHED,True,2,2,True,9.5,9.5,0.0,4.75,0,0,0,False,0,0,False,0,False,0,0,False,0,0,False,11.2725,164,75.2198,116.658,holoocean,0.1,none,150.0,0.01892239786684513,0.028903065249323845,0.03914451599121094,0.0,0.0,True,results/rl/final_benchmark/reliability_first_20260731/artifacts/ppo_1000814__two_gate_right__right_37deg_fixed__seed27013.trajectory.json,,
final_benchmark_episode_v1,ppo_525678,ppo,rl_multigate_controller,results\rl\multigate_reliability_first\r2_reliability_first_seed23001_c3_recovery_476525\checkpoints\ppo_525678_steps.zip,True,False,two_gate_right,right_37deg_fixed,two_gate_right/right_37deg_fixed,marine_race_arena/tracks/tests/two_gate_right_curve.json,False,,27013,holdout,FINISHED,FINISHED,True,2,2,True,9.7,9.7,0.0,4.85,0,0,0,False,0,0,False,0,False,0,0,False,0,0,False,11.3993,159,68.279,105.77,holoocean,0.1,none,150.0,0.019859038293361664,0.032120008021593094,0.04650397226214409,0.0,0.0,True,results/rl/final_benchmark/reliability_first_20260731/artifacts/ppo_525678__two_gate_right__right_37deg_fixed__seed27013.trajectory.json,,
final_benchmark_episode_v1,ppo_900462,ppo,rl_multigate_controller,results\rl\multigate_reliability_first\r2_reliability_first_seed23001_c3_recovery_476525\checkpoints\ppo_900462_steps.zip,True,False,two_gate_right,right_37deg_fixed,two_gate_right/right_37deg_fixed,marine_race_arena/tracks/tests/two_gate_right_curve.json,False,,27013,holdout,FINISHED,FINISHED,True,2,2,True,10.4,10.4,0.0,5.2,0,0,0,False,0,0,False,0,False,0,0,False,0,0,False,11.0643,173,58.3581,95.917,holoocean,0.1,none,150.0,0.021851003170013428,0.020956408232450485,0.04147259145975113,0.0,0.0,True,results/rl/final_benchmark/reliability_first_20260731/artifacts/ppo_900462__two_gate_right__right_37deg_fixed__seed27013.trajectory.json,,
final_benchmark_episode_v1,rule_gate_center_then_commit,rule,rule_gate_center_then_commit,,False,False,two_gate_right,right_37deg_fixed,two_gate_right/right_37deg_fixed,marine_race_arena/tracks/tests/two_gate_right_curve.json,False,,27013,holdout,FINISHED,FINISHED,True,2,2,True,14.8,14.8,0.0,7.4,0,0,0,False,0,0,False,0,False,0,0,False,0,,False,11.0508,237,29.8319,126.843,holoocean,0.1,none,150.0,0.02053149975836277,0.01706717535853386,0.01519045140594244,0.0,0.0,True,results/rl/final_benchmark/reliability_first_20260731/artifacts/rule_gate_center_then_commit__two_gate_right__right_37deg_fixed__seed27013.trajectory.json,,
final_benchmark_episode_v1,bc_v3,bc,rl_multigate_controller,results/rl/multigate_longrun/bc_v3_balanced_v2_20260728/bc_v3.pt,True,False,two_gate_straight,straight,two_gate_straight/straight,marine_race_arena/tracks/tests/two_gate_straight.json,False,,21204,reused,FINISHED,FINISHED,True,2,2,True,9.099999999999998,9.099999999999998,0.0,4.549999999999999,0,0,0,False,0,0,False,0,False,0,0,False,0,0,False,9.6606,184,54.0497,100.513,holoocean,0.1,none,150.0,0.011325068771839142,0.008116008713841438,0.022619085386395454,0.0,0.0,True,results/rl/final_benchmark/reliability_first_20260731/artifacts/bc_v3__two_gate_straight__straight__seed21204.trajectory.json,,
final_benchmark_episode_v1,hybrid,hybrid,hybrid_gate_controller,results/rl_public/stage1/bc/model/best_model.pt,False,True,two_gate_straight,straight,two_gate_straight/straight,marine_race_arena/tracks/tests/two_gate_straight.json,False,,21204,reused,FINISHED,FINISHED,True,2,2,True,8.600000000000001,8.600000000000001,0.0,4.300000000000001,0,0,0,False,0,0,False,0,False,0,0,False,0,,False,9.6469,172,100.3093,94.502,holoocean,0.1,none,150.0,0.0073422715067863464,0.0009288238361477852,0.010412976145744324,0.0,0.0,True,results/rl/final_benchmark/reliability_first_20260731/artifacts/hybrid__two_gate_straight__straight__seed21204.trajectory.json,,
final_benchmark_episode_v1,ppo_1000814,ppo,rl_multigate_controller,results\rl\multigate_reliability_first\r2_reliability_first_seed23001_c3_recovery_476525\checkpoints\ppo_1000814_steps.zip,True,False,two_gate_straight,straight,two_gate_straight/straight,marine_race_arena/tracks/tests/two_gate_straight.json,False,,21204,reused,FINISHED,FINISHED,True,2,2,True,6.500000000000001,6.500000000000001,0.0,3.2500000000000004,0,0,0,False,0,0,False,0,False,0,0,False,0,0,False,9.9878,134,67.4174,121.161,holoocean,0.1,none,150.0,0.022735897451639175,0.012742300517857075,0.035019099712371826,0.0,0.0,True,results/rl/final_benchmark/reliability_first_20260731/artifacts/ppo_1000814__two_gate_straight__straight__seed21204.trajectory.json,,
final_benchmark_episode_v1,ppo_525678,ppo,rl_multigate_controller,results\rl\multigate_reliability_first\r2_reliability_first_seed23001_c3_recovery_476525\checkpoints\ppo_525678_steps.zip,True,False,two_gate_straight,straight,two_gate_straight/straight,marine_race_arena/tracks/tests/two_gate_straight.json,False,,21204,reused,FINISHED,FINISHED,True,2,2,True,7.300000000000001,7.300000000000001,0.0,3.6500000000000004,0,0,0,False,0,0,False,0,False,0,0,False,0,0,False,10.4386,140,69.5292,111.039,holoocean,0.1,none,150.0,0.02398781105875969,0.015692615881562233,0.04103931784629822,0.0,0.0,True,results/rl/final_benchmark/reliability_first_20260731/artifacts/ppo_525678__two_gate_straight__straight__seed21204.trajectory.json,,
final_benchmark_episode_v1,ppo_900462,ppo,rl_multigate_controller,results\rl\multigate_reliability_first\r2_reliability_first_seed23001_c3_recovery_476525\checkpoints\ppo_900462_steps.zip,True,False,two_gate_straight,straight,two_gate_straight/straight,marine_race_arena/tracks/tests/two_gate_straight.json,False,,21204,reused,FINISHED,FINISHED,True,2,2,True,7.1,7.1,0.0,3.55,0,0,0,False,0,0,False,0,False,0,0,False,0,0,False,10.1048,148,61.5204,107.088,holoocean,0.1,none,150.0,0.023609915748238564,0.013825071975588799,0.030131733044981956,0.0,0.0,True,results/rl/final_benchmark/reliability_first_20260731/artifacts/ppo_900462__two_gate_straight__straight__seed21204.trajectory.json,,
final_benchmark_episode_v1,rule_gate_center_then_commit,rule,rule_gate_center_then_commit,,False,False,two_gate_straight,straight,two_gate_straight/straight,marine_race_arena/tracks/tests/two_gate_straight.json,False,,21204,reused,FINISHED,FINISHED,True,2,2,True,8.7,8.7,0.0,4.35,0,0,0,False,0,0,False,0,False,0,0,False,0,,False,9.6381,172,27.7891,109.884,holoocean,0.1,none,150.0,0.0011959720868617296,9.476912118273829e-19,0.009210779331624508,0.0,0.0,True,results/rl/final_benchmark/reliability_first_20260731/artifacts/rule_gate_center_then_commit__two_gate_straight__straight__seed21204.trajectory.json,,
final_benchmark_episode_v1,bc_v3,bc,rl_multigate_controller,results/rl/multigate_longrun/bc_v3_balanced_v2_20260728/bc_v3.pt,True,False,two_gate_straight,straight,two_gate_straight/straight,marine_race_arena/tracks/tests/two_gate_straight.json,False,,21205,reused,FINISHED,FINISHED,True,2,2,True,9.1,9.1,0.0,4.55,0,0,0,False,0,0,False,0,False,0,0,False,0,0,False,9.7123,185,61.5377,94.632,holoocean,0.1,none,150.0,0.012521844357252121,0.01140450406819582,0.01988873817026615,0.0,0.0,True,results/rl/final_benchmark/reliability_first_20260731/artifacts/bc_v3__two_gate_straight__straight__seed21205.trajectory.json,,
final_benchmark_episode_v1,hybrid,hybrid,hybrid_gate_controller,results/rl_public/stage1/bc/model/best_model.pt,False,True,two_gate_straight,straight,two_gate_straight/straight,marine_race_arena/tracks/tests/two_gate_straight.json,False,,21205,reused,FINISHED,FINISHED,True,2,2,True,8.7,8.7,0.0,4.35,0,0,0,False,0,0,False,0,False,0,0,False,0,,False,9.6425,173,79.2597,99.54,holoocean,0.1,none,150.0,0.007697724271565676,0.00087267643539235,0.011248370632529259,0.0,0.0,True,results/rl/final_benchmark/reliability_first_20260731/artifacts/hybrid__two_gate_straight__straight__seed21205.trajectory.json,,
final_benchmark_episode_v1,ppo_1000814,ppo,rl_multigate_controller,results\rl\multigate_reliability_first\r2_reliability_first_seed23001_c3_recovery_476525\checkpoints\ppo_1000814_steps.zip,True,False,two_gate_straight,straight,two_gate_straight/straight,marine_race_arena/tracks/tests/two_gate_straight.json,False,,21205,reused,FINISHED,FINISHED,True,2,2,True,6.7,6.7,0.0,3.35,0,0,0,False,0,0,False,0,False,0,0,False,0,0,False,9.9524,134,70.0417,105.814,holoocean,0.1,none,150.0,0.022870946675539017,0.01298211794346571,0.03358261659741402,0.0,0.0,True,results/rl/final_benchmark/reliability_first_20260731/artifacts/ppo_1000814__two_gate_straight__straight__seed21205.trajectory.json,,
final_benchmark_episode_v1,ppo_525678,ppo,rl_multigate_controller,results\rl\multigate_reliability_first\r2_reliability_first_seed23001_c3_recovery_476525\checkpoints\ppo_525678_steps.zip,True,False,two_gate_straight,straight,two_gate_straight/straight,marine_race_arena/tracks/tests/two_gate_straight.json,False,,21205,reused,FINISHED,FINISHED,True,2,2,True,7.4,7.4,0.0,3.7,0,0,0,False,0,0,False,0,False,0,0,False,0,0,False,10.4538,142,66.0693,93.127,holoocean,0.1,none,150.0,0.024638088420033455,0.01617637276649475,0.03973282501101494,0.0,0.0,True,results/rl/final_benchmark/reliability_first_20260731/artifacts/ppo_525678__two_gate_straight__straight__seed21205.trajectory.json,,
final_benchmark_episode_v1,ppo_900462,ppo,rl_multigate_controller,results\rl\multigate_reliability_first\r2_reliability_first_seed23001_c3_recovery_476525\checkpoints\ppo_900462_steps.zip,True,False,two_gate_straight,straight,two_gate_straight/straight,marine_race_arena/tracks/tests/two_gate_straight.json,False,,21205,reused,FINISHED,FINISHED,True,2,2,True,7.2,7.2,0.0,3.6,0,0,0,False,0,0,False,0,False,0,0,False,0,0,False,10.0068,144,74.1359,108.523,holoocean,0.1,none,150.0,0.022346297279000282,0.012613065540790558,0.029927486553788185,0.0,0.0,True,results/rl/final_benchmark/reliability_first_20260731/artifacts/ppo_900462__two_gate_straight__straight__seed21205.trajectory.json,,
final_benchmark_episode_v1,rule_gate_center_then_commit,rule,rule_gate_center_then_commit,,False,False,two_gate_straight,straight,two_gate_straight/straight,marine_race_arena/tracks/tests/two_gate_straight.json,False,,21205,reused,FINISHED,FINISHED,True,2,2,True,8.7,8.7,0.0,4.35,0,0,0,False,0,0,False,0,False,0,0,False,0,,False,9.6381,172,29.392,109.517,holoocean,0.1,none,150.0,0.0011959720868617296,9.476912118273829e-19,0.009210779331624508,0.0,0.0,True,results/rl/final_benchmark/reliability_first_20260731/artifacts/rule_gate_center_then_commit__two_gate_straight__straight__seed21205.trajectory.json,,
final_benchmark_episode_v1,bc_v3,bc,rl_multigate_controller,results/rl/multigate_longrun/bc_v3_balanced_v2_20260728/bc_v3.pt,True,False,two_gate_straight,straight,two_gate_straight/straight,marine_race_arena/tracks/tests/two_gate_straight.json,False,,21206,reused,FINISHED,FINISHED,True,2,2,True,8.6,8.6,0.0,4.3,0,0,0,False,0,0,False,0,False,0,0,False,0,0,False,9.6713,182,52.1412,95.522,holoocean,0.1,none,150.0,0.01119279582053423,0.008073213510215282,0.022137567400932312,0.0,0.0,True,results/rl/final_benchmark/reliability_first_20260731/artifacts/bc_v3__two_gate_straight__straight__seed21206.trajectory.json,,
final_benchmark_episode_v1,hybrid,hybrid,hybrid_gate_controller,results/rl_public/stage1/bc/model/best_model.pt,False,True,two_gate_straight,straight,two_gate_straight/straight,marine_race_arena/tracks/tests/two_gate_straight.json,False,,21206,reused,FINISHED,FINISHED,True,2,2,True,8.399999999999999,8.399999999999999,0.0,4.199999999999999,0,0,0,False,0,0,False,0,False,0,0,False,0,,False,9.6334,170,78.3104,98.513,holoocean,0.1,none,150.0,0.008975863456726074,0.000598602055106312,0.008974759839475155,0.0,0.0,True,results/rl/final_benchmark/reliability_first_20260731/artifacts/hybrid__two_gate_straight__straight__seed21206.trajectory.json,,
final_benchmark_episode_v1,ppo_1000814,ppo,rl_multigate_controller,results\rl\multigate_reliability_first\r2_reliability_first_seed23001_c3_recovery_476525\checkpoints\ppo_1000814_steps.zip,True,False,two_gate_straight,straight,two_gate_straight/straight,marine_race_arena/tracks/tests/two_gate_straight.json,False,,21206,reused,FINISHED,FINISHED,True,2,2,True,6.500000000000001,6.500000000000001,0.0,3.2500000000000004,0,0,0,False,0,0,False,0,False,0,0,False,0,0,False,9.9958,134,65.775,96.27,holoocean,0.1,none,150.0,0.022198915481567383,0.015091408975422382,0.03504617512226105,0.0,0.0,True,results/rl/final_benchmark/reliability_first_20260731/artifacts/ppo_1000814__two_gate_straight__straight__seed21206.trajectory.json,,
final_benchmark_episode_v1,ppo_525678,ppo,rl_multigate_controller,results\rl\multigate_reliability_first\r2_reliability_first_seed23001_c3_recovery_476525\checkpoints\ppo_525678_steps.zip,True,False,two_gate_straight,straight,two_gate_straight/straight,marine_race_arena/tracks/tests/two_gate_straight.json,False,,21206,reused,FINISHED,FINISHED,True,2,2,True,6.9,6.9,0.0,3.45,0,0,0,False,0,0,False,0,False,0,0,False,0,0,False,10.393,138,57.6713,89.728,holoocean,0.1,none,150.0,0.024576233699917793,0.015581089071929455,0.0403088815510273,0.0,0.0,True,results/rl/final_benchmark/reliability_first_20260731/artifacts/ppo_525678__two_gate_straight__straight__seed21206.trajectory.json,,
final_benchmark_episode_v1,ppo_900462,ppo,rl_multigate_controller,results\rl\multigate_reliability_first\r2_reliability_first_seed23001_c3_recovery_476525\checkpoints\ppo_900462_steps.zip,True,False,two_gate_straight,straight,two_gate_straight/straight,marine_race_arena/tracks/tests/two_gate_straight.json,False,,21206,reused,FINISHED,FINISHED,True,2,2,True,6.8999999999999995,6.8999999999999995,0.0,3.4499999999999997,0,0,0,False,0,0,False,0,False,0,0,False,0,0,False,9.8179,136,59.9139,108.905,holoocean,0.1,none,150.0,0.02040776051580906,0.011300903744995594,0.02877090498805046,0.0,0.0,True,results/rl/final_benchmark/reliability_first_20260731/artifacts/ppo_900462__two_gate_straight__straight__seed21206.trajectory.json,,
final_benchmark_episode_v1,rule_gate_center_then_commit,rule,rule_gate_center_then_commit,,False,False,two_gate_straight,straight,two_gate_straight/straight,marine_race_arena/tracks/tests/two_gate_straight.json,False,,21206,reused,FINISHED,FINISHED,True,2,2,True,8.5,8.5,0.0,4.25,0,0,0,False,0,0,False,0,False,0,0,False,0,,False,9.6565,171,26.9294,98.501,holoocean,0.1,none,150.0,0.0011231317184865475,1.291293042692749e-18,0.008012344129383564,0.0,0.0,True,results/rl/final_benchmark/reliability_first_20260731/artifacts/rule_gate_center_then_commit__two_gate_straight__straight__seed21206.trajectory.json,,
final_benchmark_episode_v1,bc_v3,bc,rl_multigate_controller,results/rl/multigate_longrun/bc_v3_balanced_v2_20260728/bc_v3.pt,True,False,two_gate_straight,straight,two_gate_straight/straight,marine_race_arena/tracks/tests/two_gate_straight.json,False,,21207,reused,FINISHED,FINISHED,True,2,2,True,9.7,9.7,0.0,4.85,0,0,0,False,0,0,False,0,False,0,0,False,0,0,False,9.65,192,53.7215,107.171,holoocean,0.1,none,150.0,0.017040865495800972,0.007883029989898205,0.024057870730757713,0.0,0.0,True,results/rl/final_benchmark/reliability_first_20260731/artifacts/bc_v3__two_gate_straight__straight__seed21207.trajectory.json,,
final_benchmark_episode_v1,hybrid,hybrid,hybrid_gate_controller,results/rl_public/stage1/bc/model/best_model.pt,False,True,two_gate_straight,straight,two_gate_straight/straight,marine_race_arena/tracks/tests/two_gate_straight.json,False,,21207,reused,FINISHED,FINISHED,True,2,2,True,8.4,8.4,0.0,4.2,0,0,0,False,0,0,False,0,False,0,0,False,0,,False,9.664,174,94.2305,98.268,holoocean,0.1,none,150.0,0.0075708725489676,0.0009160981280729175,0.01265451218932867,0.0,0.0,True,results/rl/final_benchmark/reliability_first_20260731/artifacts/hybrid__two_gate_straight__straight__seed21207.trajectory.json,,
final_benchmark_episode_v1,ppo_1000814,ppo,rl_multigate_controller,results\rl\multigate_reliability_first\r2_reliability_first_seed23001_c3_recovery_476525\checkpoints\ppo_1000814_steps.zip,True,False,two_gate_straight,straight,two_gate_straight/straight,marine_race_arena/tracks/tests/two_gate_straight.json,False,,21207,reused,FINISHED,FINISHED,True,2,2,True,6.3,6.3,0.0,3.15,0,0,0,False,0,0,False,0,False,0,0,False,0,0,False,10.0816,134,64.6635,96.0,holoocean,0.1,none,150.0,0.02217273972928524,0.014034444466233253,0.03335055708885193,0.0,0.0,True,results/rl/final_benchmark/reliability_first_20260731/artifacts/ppo_1000814__two_gate_straight__straight__seed21207.trajectory.json,,
final_benchmark_episode_v1,ppo_525678,ppo,rl_multigate_controller,results\rl\multigate_reliability_first\r2_reliability_first_seed23001_c3_recovery_476525\checkpoints\ppo_525678_steps.zip,True,False,two_gate_straight,straight,two_gate_straight/straight,marine_race_arena/tracks/tests/two_gate_straight.json,False,,21207,reused,FINISHED,FINISHED,True,2,2,True,6.9,6.9,0.0,3.45,0,0,0,False,0,0,False,0,False,0,0,False,0,0,False,10.3998,138,63.8638,81.809,holoocean,0.1,none,150.0,0.024486863985657692,0.014210215769708157,0.04181912541389465,0.0,0.0,True,results/rl/final_benchmark/reliability_first_20260731/artifacts/ppo_525678__two_gate_straight__straight__seed21207.trajectory.json,,
final_benchmark_episode_v1,ppo_900462,ppo,rl_multigate_controller,results\rl\multigate_reliability_first\r2_reliability_first_seed23001_c3_recovery_476525\checkpoints\ppo_900462_steps.zip,True,False,two_gate_straight,straight,two_gate_straight/straight,marine_race_arena/tracks/tests/two_gate_straight.json,False,,21207,reused,FINISHED,FINISHED,True,2,2,True,7.199999999999999,7.199999999999999,0.0,3.5999999999999996,0,0,0,False,0,0,False,0,False,0,0,False,0,0,False,9.9605,144,62.7513,108.818,holoocean,0.1,none,150.0,0.023616904392838478,0.01568160206079483,0.0325472354888916,0.0,0.0,True,results/rl/final_benchmark/reliability_first_20260731/artifacts/ppo_900462__two_gate_straight__straight__seed21207.trajectory.json,,
final_benchmark_episode_v1,rule_gate_center_then_commit,rule,rule_gate_center_then_commit,,False,False,two_gate_straight,straight,two_gate_straight/straight,marine_race_arena/tracks/tests/two_gate_straight.json,False,,21207,reused,FINISHED,FINISHED,True,2,2,True,8.700000000000001,8.700000000000001,0.0,4.3500000000000005,0,0,0,False,0,0,False,0,False,0,0,False,0,,False,9.6334,171,29.1711,98.656,holoocean,0.1,none,150.0,0.0008387595880776644,1.3182158070773953e-18,0.008227970451116562,0.0,0.0,True,results/rl/final_benchmark/reliability_first_20260731/artifacts/rule_gate_center_then_commit__two_gate_straight__straight__seed21207.trajectory.json,,
final_benchmark_episode_v1,bc_v3,bc,rl_multigate_controller,results/rl/multigate_longrun/bc_v3_balanced_v2_20260728/bc_v3.pt,True,False,two_gate_straight,straight,two_gate_straight/straight,marine_race_arena/tracks/tests/two_gate_straight.json,False,,27004,holdout,FINISHED,FINISHED,True,2,2,True,8.600000000000001,8.600000000000001,0.0,4.300000000000001,0,0,0,False,0,0,False,0,False,0,0,False,0,0,False,9.7108,179,51.8116,97.173,holoocean,0.1,none,150.0,0.012849591672420502,0.009612844325602055,0.0199475958943367,0.0,0.0,True,results/rl/final_benchmark/reliability_first_20260731/artifacts/bc_v3__two_gate_straight__straight__seed27004.trajectory.json,,
final_benchmark_episode_v1,hybrid,hybrid,hybrid_gate_controller,results/rl_public/stage1/bc/model/best_model.pt,False,True,two_gate_straight,straight,two_gate_straight/straight,marine_race_arena/tracks/tests/two_gate_straight.json,False,,27004,holdout,FINISHED,FINISHED,True,2,2,True,8.399999999999999,8.399999999999999,0.0,4.199999999999999,0,0,0,False,0,0,False,0,False,0,0,False,0,,False,9.6608,171,89.8685,95.928,holoocean,0.1,none,150.0,0.005609625019133091,0.00040040473686531186,0.009557986631989479,0.0,0.0,True,results/rl/final_benchmark/reliability_first_20260731/artifacts/hybrid__two_gate_straight__straight__seed27004.trajectory.json,,
final_benchmark_episode_v1,ppo_1000814,ppo,rl_multigate_controller,results\rl\multigate_reliability_first\r2_reliability_first_seed23001_c3_recovery_476525\checkpoints\ppo_1000814_steps.zip,True,False,two_gate_straight,straight,two_gate_straight/straight,marine_race_arena/tracks/tests/two_gate_straight.json,False,,27004,holdout,FINISHED,FINISHED,True,2,2,True,6.6000000000000005,6.6000000000000005,0.0,3.3000000000000003,0,0,0,False,0,0,False,0,False,0,0,False,0,0,False,10.0437,136,60.9639,94.401,holoocean,0.1,none,150.0,0.023450570181012154,0.011751022189855576,0.0376947745680809,0.0,0.0,True,results/rl/final_benchmark/reliability_first_20260731/artifacts/ppo_1000814__two_gate_straight__straight__seed27004.trajectory.json,,
final_benchmark_episode_v1,ppo_525678,ppo,rl_multigate_controller,results\rl\multigate_reliability_first\r2_reliability_first_seed23001_c3_recovery_476525\checkpoints\ppo_525678_steps.zip,True,False,two_gate_straight,straight,two_gate_straight/straight,marine_race_arena/tracks/tests/two_gate_straight.json,False,,27004,holdout,FINISHED,FINISHED,True,2,2,True,7.300000000000001,7.300000000000001,0.0,3.6500000000000004,0,0,0,False,0,0,False,0,False,0,0,False,0,0,False,10.4491,142,72.8283,111.715,holoocean,0.1,none,150.0,0.0258425772190094,0.016798358410596848,0.03861701861023903,0.0,0.0,True,results/rl/final_benchmark/reliability_first_20260731/artifacts/ppo_525678__two_gate_straight__straight__seed27004.trajectory.json,,
final_benchmark_episode_v1,ppo_900462,ppo,rl_multigate_controller,results\rl\multigate_reliability_first\r2_reliability_first_seed23001_c3_recovery_476525\checkpoints\ppo_900462_steps.zip,True,False,two_gate_straight,straight,two_gate_straight/straight,marine_race_arena/tracks/tests/two_gate_straight.json,False,,27004,holdout,FINISHED,FINISHED,True,2,2,True,6.500000000000001,6.500000000000001,0.0,3.2500000000000004,0,0,0,False,0,0,False,0,False,0,0,False,0,0,False,9.8353,132,68.3327,101.931,holoocean,0.1,none,150.0,0.020979516208171844,0.009551744908094406,0.026311559602618217,0.0,0.0,True,results/rl/final_benchmark/reliability_first_20260731/artifacts/ppo_900462__two_gate_straight__straight__seed27004.trajectory.json,,
final_benchmark_episode_v1,rule_gate_center_then_commit,rule,rule_gate_center_then_commit,,False,False,two_gate_straight,straight,two_gate_straight/straight,marine_race_arena/tracks/tests/two_gate_straight.json,False,,27004,holdout,FINISHED,FINISHED,True,2,2,True,8.5,8.5,0.0,4.25,0,0,0,False,0,0,False,0,False,0,0,False,0,,False,9.6565,171,28.9091,103.599,holoocean,0.1,none,150.0,0.0011231317184865475,1.291293042692749e-18,0.008012344129383564,0.0,0.0,True,results/rl/final_benchmark/reliability_first_20260731/artifacts/rule_gate_center_then_commit__two_gate_straight__straight__seed27004.trajectory.json,,
final_benchmark_episode_v1,bc_v3,bc,rl_multigate_controller,results/rl/multigate_longrun/bc_v3_balanced_v2_20260728/bc_v3.pt,True,False,two_gate_straight,straight,two_gate_straight/straight,marine_race_arena/tracks/tests/two_gate_straight.json,False,,27005,holdout,FINISHED,FINISHED,True,2,2,True,9.200000000000001,9.200000000000001,0.0,4.6000000000000005,0,0,0,False,0,0,False,0,False,0,0,False,0,0,False,9.6753,183,52.137,100.856,holoocean,0.1,none,150.0,0.01120851468294859,0.005791651085019112,0.01914982683956623,0.0,0.0,True,results/rl/final_benchmark/reliability_first_20260731/artifacts/bc_v3__two_gate_straight__straight__seed27005.trajectory.json,,
final_benchmark_episode_v1,hybrid,hybrid,hybrid_gate_controller,results/rl_public/stage1/bc/model/best_model.pt,False,True,two_gate_straight,straight,two_gate_straight/straight,marine_race_arena/tracks/tests/two_gate_straight.json,False,,27005,holdout,FINISHED,FINISHED,True,2,2,True,8.6,8.6,0.0,4.3,0,0,0,False,0,0,False,0,False,0,0,False,0,,False,9.6493,175,92.0961,98.112,holoocean,0.1,none,150.0,0.006853080354630947,0.0011306266533210874,0.014580948278307915,0.0,0.0,True,results/rl/final_benchmark/reliability_first_20260731/artifacts/hybrid__two_gate_straight__straight__seed27005.trajectory.json,,
final_benchmark_episode_v1,ppo_1000814,ppo,rl_multigate_controller,results\rl\multigate_reliability_first\r2_reliability_first_seed23001_c3_recovery_476525\checkpoints\ppo_1000814_steps.zip,True,False,two_gate_straight,straight,two_gate_straight/straight,marine_race_arena/tracks/tests/two_gate_straight.json,False,,27005,holdout,FINISHED,FINISHED,True,2,2,True,7.1000000000000005,7.1000000000000005,0.0,3.5500000000000003,0,0,0,False,0,0,False,0,False,0,0,False,0,0,False,10.1398,142,60.8253,110.448,holoocean,0.1,none,150.0,0.021924283355474472,0.015974922105669975,0.036049965769052505,0.0,0.0,True,results/rl/final_benchmark/reliability_first_20260731/artifacts/ppo_1000814__two_gate_straight__straight__seed27005.trajectory.json,,
final_benchmark_episode_v1,ppo_525678,ppo,rl_multigate_controller,results\rl\multigate_reliability_first\r2_reliability_first_seed23001_c3_recovery_476525\checkpoints\ppo_525678_steps.zip,True,False,two_gate_straight,straight,two_gate_straight/straight,marine_race_arena/tracks/tests/two_gate_straight.json,False,,27005,holdout,FINISHED,FINISHED,True,2,2,True,7.1,7.1,0.0,3.55,0,0,0,False,0,0,False,0,False,0,0,False,0,0,False,10.3034,138,65.1392,119.302,holoocean,0.1,none,150.0,0.023093530908226967,0.01763496734201908,0.03886596858501434,0.0,0.0,True,results/rl/final_benchmark/reliability_first_20260731/artifacts/ppo_525678__two_gate_straight__straight__seed27005.trajectory.json,,
final_benchmark_episode_v1,ppo_900462,ppo,rl_multigate_controller,results\rl\multigate_reliability_first\r2_reliability_first_seed23001_c3_recovery_476525\checkpoints\ppo_900462_steps.zip,True,False,two_gate_straight,straight,two_gate_straight/straight,marine_race_arena/tracks/tests/two_gate_straight.json,False,,27005,holdout,FINISHED,FINISHED,True,2,2,True,7.000000000000001,7.000000000000001,0.0,3.5000000000000004,0,0,0,False,0,0,False,0,False,0,0,False,0,0,False,9.8563,138,74.8615,98.983,holoocean,0.1,none,150.0,0.020406413823366165,0.011780104599893093,0.029838018119335175,0.0,0.0,True,results/rl/final_benchmark/reliability_first_20260731/artifacts/ppo_900462__two_gate_straight__straight__seed27005.trajectory.json,,
final_benchmark_episode_v1,rule_gate_center_then_commit,rule,rule_gate_center_then_commit,,False,False,two_gate_straight,straight,two_gate_straight/straight,marine_race_arena/tracks/tests/two_gate_straight.json,False,,27005,holdout,FINISHED,FINISHED,True,2,2,True,8.7,8.7,0.0,4.35,0,0,0,False,0,0,False,0,False,0,0,False,0,,False,9.6381,172,25.9281,100.234,holoocean,0.1,none,150.0,0.0011959720868617296,9.476912118273829e-19,0.009210779331624508,0.0,0.0,True,results/rl/final_benchmark/reliability_first_20260731/artifacts/rule_gate_center_then_commit__two_gate_straight__straight__seed27005.trajectory.json,,
final_benchmark_episode_v1,bc_v3,bc,rl_multigate_controller,results/rl/multigate_longrun/bc_v3_balanced_v2_20260728/bc_v3.pt,True,False,two_gate_straight,straight,two_gate_straight/straight,marine_race_arena/tracks/tests/two_gate_straight.json,False,,27006,holdout,FINISHED,FINISHED,True,2,2,True,8.2,8.2,0.0,4.1,0,0,0,False,0,0,False,0,False,0,0,False,0,0,False,9.6528,170,54.5078,93.393,holoocean,0.1,none,150.0,0.009736903943121433,0.0049085165373981,0.015227537602186203,0.0,0.0,True,results/rl/final_benchmark/reliability_first_20260731/artifacts/bc_v3__two_gate_straight__straight__seed27006.trajectory.json,,
final_benchmark_episode_v1,hybrid,hybrid,hybrid_gate_controller,results/rl_public/stage1/bc/model/best_model.pt,False,True,two_gate_straight,straight,two_gate_straight/straight,marine_race_arena/tracks/tests/two_gate_straight.json,False,,27006,holdout,FINISHED,FINISHED,True,2,2,True,8.5,8.5,0.0,4.25,0,0,0,False,0,0,False,0,False,0,0,False,0,,False,9.627,170,93.6573,92.289,holoocean,0.1,none,150.0,0.005996206309646368,0.0003601167700253427,0.008728783577680588,0.0,0.0,True,results/rl/final_benchmark/reliability_first_20260731/artifacts/hybrid__two_gate_straight__straight__seed27006.trajectory.json,,
final_benchmark_episode_v1,ppo_1000814,ppo,rl_multigate_controller,results\rl\multigate_reliability_first\r2_reliability_first_seed23001_c3_recovery_476525\checkpoints\ppo_1000814_steps.zip,True,False,two_gate_straight,straight,two_gate_straight/straight,marine_race_arena/tracks/tests/two_gate_straight.json,False,,27006,holdout,FINISHED,FINISHED,True,2,2,True,6.7,6.7,0.0,3.35,0,0,0,False,0,0,False,0,False,0,0,False,0,0,False,10.263,140,70.6329,129.541,holoocean,0.1,none,150.0,0.02276739478111267,0.011969815008342266,0.032326508313417435,0.0,0.0,True,results/rl/final_benchmark/reliability_first_20260731/artifacts/ppo_1000814__two_gate_straight__straight__seed27006.trajectory.json,,
final_benchmark_episode_v1,ppo_525678,ppo,rl_multigate_controller,results\rl\multigate_reliability_first\r2_reliability_first_seed23001_c3_recovery_476525\checkpoints\ppo_525678_steps.zip,True,False,two_gate_straight,straight,two_gate_straight/straight,marine_race_arena/tracks/tests/two_gate_straight.json,False,,27006,holdout,FINISHED,FINISHED,True,2,2,True,7.1,7.1,0.0,3.55,0,0,0,False,0,0,False,0,False,0,0,False,0,0,False,10.368,138,60.5768,100.514,holoocean,0.1,none,150.0,0.022313276305794716,0.014860253781080246,0.03995484113693237,0.0,0.0,True,results/rl/final_benchmark/reliability_first_20260731/artifacts/ppo_525678__two_gate_straight__straight__seed27006.trajectory.json,,
final_benchmark_episode_v1,ppo_900462,ppo,rl_multigate_controller,results\rl\multigate_reliability_first\r2_reliability_first_seed23001_c3_recovery_476525\checkpoints\ppo_900462_steps.zip,True,False,two_gate_straight,straight,two_gate_straight/straight,marine_race_arena/tracks/tests/two_gate_straight.json,False,,27006,holdout,FINISHED,FINISHED,True,2,2,True,7.299999999999999,7.299999999999999,0.0,3.6499999999999995,0,0,0,False,0,0,False,0,False,0,0,False,0,0,False,9.9985,148,68.7422,143.117,holoocean,0.1,none,150.0,0.022515518590807915,0.014654435217380524,0.03146765008568764,0.0,0.0,True,results/rl/final_benchmark/reliability_first_20260731/artifacts/ppo_900462__two_gate_straight__straight__seed27006.trajectory.json,,
final_benchmark_episode_v1,rule_gate_center_then_commit,rule,rule_gate_center_then_commit,,False,False,two_gate_straight,straight,two_gate_straight/straight,marine_race_arena/tracks/tests/two_gate_straight.json,False,,27006,holdout,FINISHED,FINISHED,True,2,2,True,8.7,8.7,0.0,4.35,0,0,0,False,0,0,False,0,False,0,0,False,0,,False,9.6381,172,26.2268,107.186,holoocean,0.1,none,150.0,0.0011959720868617296,9.476912118273829e-19,0.009210779331624508,0.0,0.0,True,results/rl/final_benchmark/reliability_first_20260731/artifacts/rule_gate_center_then_commit__two_gate_straight__straight__seed27006.trajectory.json,,
final_benchmark_episode_v1,bc_v3,bc,rl_multigate_controller,results/rl/multigate_longrun/bc_v3_balanced_v2_20260728/bc_v3.pt,True,False,two_gate_straight,straight,two_gate_straight/straight,marine_race_arena/tracks/tests/two_gate_straight.json,False,,27007,holdout,FINISHED,FINISHED,True,2,2,True,9.999999999999998,9.999999999999998,0.0,4.999999999999999,0,0,0,False,0,0,False,0,False,0,0,False,0,0,False,9.8427,194,53.7966,101.277,holoocean,0.1,none,150.0,0.00866183452308178,0.0066068763844668865,0.018389225006103516,0.0,0.0,True,results/rl/final_benchmark/reliability_first_20260731/artifacts/bc_v3__two_gate_straight__straight__seed27007.trajectory.json,,
final_benchmark_episode_v1,hybrid,hybrid,hybrid_gate_controller,results/rl_public/stage1/bc/model/best_model.pt,False,True,two_gate_straight,straight,two_gate_straight/straight,marine_race_arena/tracks/tests/two_gate_straight.json,False,,27007,holdout,FINISHED,FINISHED,True,2,2,True,8.7,8.7,0.0,4.35,0,0,0,False,0,0,False,0,False,0,0,False,0,,False,9.6633,174,93.6445,94.487,holoocean,0.1,none,150.0,0.009338085539638996,0.001163238426670432,0.012261826545000076,0.0,0.0,True,results/rl/final_benchmark/reliability_first_20260731/artifacts/hybrid__two_gate_straight__straight__seed27007.trajectory.json,,
final_benchmark_episode_v1,ppo_1000814,ppo,rl_multigate_controller,results\rl\multigate_reliability_first\r2_reliability_first_seed23001_c3_recovery_476525\checkpoints\ppo_1000814_steps.zip,True,False,two_gate_straight,straight,two_gate_straight/straight,marine_race_arena/tracks/tests/two_gate_straight.json,False,,27007,holdout,FINISHED,FINISHED,True,2,2,True,6.2,6.2,0.0,3.1,0,0,0,False,0,0,False,0,False,0,0,False,0,0,False,9.8766,128,73.0881,96.98,holoocean,0.1,none,150.0,0.022005129605531693,0.01034880243241787,0.02947336621582508,0.0,0.0,True,results/rl/final_benchmark/reliability_first_20260731/artifacts/ppo_1000814__two_gate_straight__straight__seed27007.trajectory.json,,
final_benchmark_episode_v1,ppo_525678,ppo,rl_multigate_controller,results\rl\multigate_reliability_first\r2_reliability_first_seed23001_c3_recovery_476525\checkpoints\ppo_525678_steps.zip,True,False,two_gate_straight,straight,two_gate_straight/straight,marine_race_arena/tracks/tests/two_gate_straight.json,False,,27007,holdout,FINISHED,FINISHED,True,2,2,True,14.5,14.5,0.0,7.25,0,0,0,False,0,0,False,0,False,0,0,False,0,1,False,12.2375,240,60.5898,137.194,holoocean,0.1,none,150.0,0.030838804319500923,0.02814328297972679,0.048072878271341324,0.0,0.0,True,results/rl/final_benchmark/reliability_first_20260731/artifacts/ppo_525678__two_gate_straight__straight__seed27007.trajectory.json,,
final_benchmark_episode_v1,ppo_900462,ppo,rl_multigate_controller,results\rl\multigate_reliability_first\r2_reliability_first_seed23001_c3_recovery_476525\checkpoints\ppo_900462_steps.zip,True,False,two_gate_straight,straight,two_gate_straight/straight,marine_race_arena/tracks/tests/two_gate_straight.json,False,,27007,holdout,FINISHED,FINISHED,True,2,2,True,6.9,6.9,0.0,3.45,0,0,0,False,0,0,False,0,False,0,0,False,0,0,False,9.8695,138,72.7856,99.613,holoocean,0.1,none,150.0,0.020494816824793816,0.010776955634355545,0.028534958139061928,0.0,0.0,True,results/rl/final_benchmark/reliability_first_20260731/artifacts/ppo_900462__two_gate_straight__straight__seed27007.trajectory.json,,
final_benchmark_episode_v1,rule_gate_center_then_commit,rule,rule_gate_center_then_commit,,False,False,two_gate_straight,straight,two_gate_straight/straight,marine_race_arena/tracks/tests/two_gate_straight.json,False,,27007,holdout,FINISHED,FINISHED,True,2,2,True,8.5,8.5,0.0,4.25,0,0,0,False,0,0,False,0,False,0,0,False,0,,False,9.6565,171,26.8419,97.839,holoocean,0.1,none,150.0,0.0011231317184865475,1.291293042692749e-18,0.008012344129383564,0.0,0.0,True,results/rl/final_benchmark/reliability_first_20260731/artifacts/rule_gate_center_then_commit__two_gate_straight__straight__seed27007.trajectory.json,,
final_benchmark_episode_v1,bc_v3,bc,rl_multigate_controller,results/rl/multigate_longrun/bc_v3_balanced_v2_20260728/bc_v3.pt,True,False,vertical_high_to_low,down_0p7m_straight,vertical_high_to_low/down_0p7m_straight,results/rl/final_benchmark/reliability_first_20260731/generated_tracks/vertical_high_to_low__down_0p7m_straight.json,False,,21220,reused,FINISHED,FINISHED,True,2,2,True,11.400000000000002,11.400000000000002,0.0,5.700000000000001,0,0,0,False,0,0,False,0,False,0,0,False,0,0,False,10.1357,211,55.9026,109.752,holoocean,0.1,none,180.0,0.016599981114268303,0.008806474506855011,0.01972174271941185,0.0,0.0,True,results/rl/final_benchmark/reliability_first_20260731/artifacts/bc_v3__vertical_high_to_low__down_0p7m_straight__seed21220.trajectory.json,,
final_benchmark_episode_v1,hybrid,hybrid,hybrid_gate_controller,results/rl_public/stage1/bc/model/best_model.pt,False,True,vertical_high_to_low,down_0p7m_straight,vertical_high_to_low/down_0p7m_straight,results/rl/final_benchmark/reliability_first_20260731/generated_tracks/vertical_high_to_low__down_0p7m_straight.json,False,,21220,reused,FINISHED,FINISHED,True,2,2,True,11.099999999999998,11.099999999999998,0.0,5.549999999999999,0,0,0,False,0,0,False,0,False,0,0,False,0,,False,9.9667,202,103.2615,101.966,holoocean,0.1,none,180.0,0.010730826295912266,0.0031360534485429525,0.013765282928943634,0.0,0.0,True,results/rl/final_benchmark/reliability_first_20260731/artifacts/hybrid__vertical_high_to_low__down_0p7m_straight__seed21220.trajectory.json,,
final_benchmark_episode_v1,ppo_1000814,ppo,rl_multigate_controller,results\rl\multigate_reliability_first\r2_reliability_first_seed23001_c3_recovery_476525\checkpoints\ppo_1000814_steps.zip,True,False,vertical_high_to_low,down_0p7m_straight,vertical_high_to_low/down_0p7m_straight,results/rl/final_benchmark/reliability_first_20260731/generated_tracks/vertical_high_to_low__down_0p7m_straight.json,False,,21220,reused,FINISHED,FINISHED,True,2,2,True,27.2,27.2,0.0,13.6,0,0,0,False,0,0,False,0,False,0,0,False,0,0,False,14.6058,352,67.7413,180.469,holoocean,0.1,none,180.0,0.025085514411330223,0.018272114917635918,0.039702050387859344,0.0,0.0,True,results/rl/final_benchmark/reliability_first_20260731/artifacts/ppo_1000814__vertical_high_to_low__down_0p7m_straight__seed21220.trajectory.json,,
final_benchmark_episode_v1,ppo_525678,ppo,rl_multigate_controller,results\rl\multigate_reliability_first\r2_reliability_first_seed23001_c3_recovery_476525\checkpoints\ppo_525678_steps.zip,True,False,vertical_high_to_low,down_0p7m_straight,vertical_high_to_low/down_0p7m_straight,results/rl/final_benchmark/reliability_first_20260731/generated_tracks/vertical_high_to_low__down_0p7m_straight.json,False,,21220,reused,FINISHED,FINISHED,True,2,2,True,7.300000000000001,7.300000000000001,0.0,3.6500000000000004,0,0,0,False,0,0,False,0,False,0,0,False,0,0,False,10.1648,138,67.1663,116.101,holoocean,0.1,none,180.0,0.020516902208328247,0.01826455257833004,0.03501351550221443,0.0,0.0,True,results/rl/final_benchmark/reliability_first_20260731/artifacts/ppo_525678__vertical_high_to_low__down_0p7m_straight__seed21220.trajectory.json,,
final_benchmark_episode_v1,ppo_900462,ppo,rl_multigate_controller,results\rl\multigate_reliability_first\r2_reliability_first_seed23001_c3_recovery_476525\checkpoints\ppo_900462_steps.zip,True,False,vertical_high_to_low,down_0p7m_straight,vertical_high_to_low/down_0p7m_straight,results/rl/final_benchmark/reliability_first_20260731/generated_tracks/vertical_high_to_low__down_0p7m_straight.json,False,,21220,reused,FINISHED,FINISHED,True,2,2,True,9.1,9.1,0.0,4.55,0,0,0,False,0,0,False,0,False,0,0,False,0,0,False,10.1776,162,65.7327,123.282,holoocean,0.1,none,180.0,0.01984807662665844,0.014837757684290409,0.03571787104010582,0.0,0.0,True,results/rl/final_benchmark/reliability_first_20260731/artifacts/ppo_900462__vertical_high_to_low__down_0p7m_straight__seed21220.trajectory.json,,
final_benchmark_episode_v1,rule_gate_center_then_commit,rule,rule_gate_center_then_commit,,False,False,vertical_high_to_low,down_0p7m_straight,vertical_high_to_low/down_0p7m_straight,results/rl/final_benchmark/reliability_first_20260731/generated_tracks/vertical_high_to_low__down_0p7m_straight.json,False,,21220,reused,FINISHED,FINISHED,True,2,2,True,10.600000000000001,10.600000000000001,0.0,5.300000000000001,0,0,0,False,0,0,False,0,False,0,0,False,0,,False,10.1574,200,28.76,109.726,holoocean,0.1,none,180.0,0.014436252415180206,0.0033269685227423906,0.012803315185010433,0.0,0.0,True,results/rl/final_benchmark/reliability_first_20260731/artifacts/rule_gate_center_then_commit__vertical_high_to_low__down_0p7m_straight__seed21220.trajectory.json,,
final_benchmark_episode_v1,bc_v3,bc,rl_multigate_controller,results/rl/multigate_longrun/bc_v3_balanced_v2_20260728/bc_v3.pt,True,False,vertical_high_to_low,down_0p7m_straight,vertical_high_to_low/down_0p7m_straight,results/rl/final_benchmark/reliability_first_20260731/generated_tracks/vertical_high_to_low__down_0p7m_straight.json,False,,21221,reused,FINISHED,FINISHED,True,2,2,True,17.5,17.5,0.0,8.75,0,0,0,False,0,0,False,0,False,0,0,False,0,0,False,10.5174,272,74.4342,120.806,holoocean,0.1,none,180.0,0.0138096297159791,0.009201247245073318,0.02269000932574272,0.0,0.0,True,results/rl/final_benchmark/reliability_first_20260731/artifacts/bc_v3__vertical_high_to_low__down_0p7m_straight__seed21221.trajectory.json,,
final_benchmark_episode_v1,hybrid,hybrid,hybrid_gate_controller,results/rl_public/stage1/bc/model/best_model.pt,False,True,vertical_high_to_low,down_0p7m_straight,vertical_high_to_low/down_0p7m_straight,results/rl/final_benchmark/reliability_first_20260731/generated_tracks/vertical_high_to_low__down_0p7m_straight.json,False,,21221,reused,FINISHED,FINISHED,True,2,2,True,11.100000000000001,11.100000000000001,0.0,5.550000000000001,0,0,0,False,0,0,False,0,False,0,0,False,0,,False,9.9453,204,92.3902,104.924,holoocean,0.1,none,180.0,0.013255658559501171,0.0036205509677529335,0.014710495248436928,0.0,0.0,True,results/rl/final_benchmark/reliability_first_20260731/artifacts/hybrid__vertical_high_to_low__down_0p7m_straight__seed21221.trajectory.json,,
final_benchmark_episode_v1,ppo_1000814,ppo,rl_multigate_controller,results\rl\multigate_reliability_first\r2_reliability_first_seed23001_c3_recovery_476525\checkpoints\ppo_1000814_steps.zip,True,False,vertical_high_to_low,down_0p7m_straight,vertical_high_to_low/down_0p7m_straight,results/rl/final_benchmark/reliability_first_20260731/generated_tracks/vertical_high_to_low__down_0p7m_straight.json,False,,21221,reused,FINISHED,FINISHED,True,2,2,True,6.8,6.8,0.0,3.4,0,0,0,False,0,0,False,0,False,0,0,False,0,0,False,9.9295,134,68.0229,102.566,holoocean,0.1,none,180.0,0.019223462790250778,0.013994969427585602,0.030985064804553986,0.0,0.0,True,results/rl/final_benchmark/reliability_first_20260731/artifacts/ppo_1000814__vertical_high_to_low__down_0p7m_straight__seed21221.trajectory.json,,
final_benchmark_episode_v1,ppo_525678,ppo,rl_multigate_controller,results\rl\multigate_reliability_first\r2_reliability_first_seed23001_c3_recovery_476525\checkpoints\ppo_525678_steps.zip,True,False,vertical_high_to_low,down_0p7m_straight,vertical_high_to_low/down_0p7m_straight,results/rl/final_benchmark/reliability_first_20260731/generated_tracks/vertical_high_to_low__down_0p7m_straight.json,False,,21221,reused,FINISHED,FINISHED,True,2,2,True,7.4,7.4,0.0,3.7,0,0,0,False,0,0,False,0,False,0,0,False,0,0,False,10.0885,138,62.9608,119.732,holoocean,0.1,none,180.0,0.021553758531808853,0.019624784588813782,0.035718996077775955,0.0,0.0,True,results/rl/final_benchmark/reliability_first_20260731/artifacts/ppo_525678__vertical_high_to_low__down_0p7m_straight__seed21221.trajectory.json,,
final_benchmark_episode_v1,ppo_900462,ppo,rl_multigate_controller,results\rl\multigate_reliability_first\r2_reliability_first_seed23001_c3_recovery_476525\checkpoints\ppo_900462_steps.zip,True,False,vertical_high_to_low,down_0p7m_straight,vertical_high_to_low/down_0p7m_straight,results/rl/final_benchmark/reliability_first_20260731/generated_tracks/vertical_high_to_low__down_0p7m_straight.json,False,,21221,reused,FINISHED,FINISHED,True,2,2,True,7.0,7.0,0.0,3.5,0,0,0,False,0,0,False,0,False,0,0,False,0,0,False,9.8242,136,61.7815,171.266,holoocean,0.1,none,180.0,0.0172776747494936,0.011890898458659649,0.027170361950993538,0.0,0.0,True,results/rl/final_benchmark/reliability_first_20260731/artifacts/ppo_900462__vertical_high_to_low__down_0p7m_straight__seed21221.trajectory.json,,
final_benchmark_episode_v1,rule_gate_center_then_commit,rule,rule_gate_center_then_commit,,False,False,vertical_high_to_low,down_0p7m_straight,vertical_high_to_low/down_0p7m_straight,results/rl/final_benchmark/reliability_first_20260731/generated_tracks/vertical_high_to_low__down_0p7m_straight.json,False,,21221,reused,FINISHED,FINISHED,True,2,2,True,10.600000000000001,10.600000000000001,0.0,5.300000000000001,0,0,0,False,0,0,False,0,False,0,0,False,0,,False,10.1574,200,27.0673,112.098,holoocean,0.1,none,180.0,0.014436252415180206,0.0033269685227423906,0.012803315185010433,0.0,0.0,True,results/rl/final_benchmark/reliability_first_20260731/artifacts/rule_gate_center_then_commit__vertical_high_to_low__down_0p7m_straight__seed21221.trajectory.json,,
final_benchmark_episode_v1,bc_v3,bc,rl_multigate_controller,results/rl/multigate_longrun/bc_v3_balanced_v2_20260728/bc_v3.pt,True,False,vertical_high_to_low,down_0p7m_straight,vertical_high_to_low/down_0p7m_straight,results/rl/final_benchmark/reliability_first_20260731/generated_tracks/vertical_high_to_low__down_0p7m_straight.json,False,,27020,holdout,FINISHED,FINISHED,True,2,2,True,11.799999999999999,11.799999999999999,0.0,5.8999999999999995,0,0,0,False,0,0,False,0,False,0,0,False,0,0,False,10.2007,212,56.7094,121.695,holoocean,0.1,none,180.0,0.017811128869652748,0.01009196974337101,0.020825037732720375,0.0,0.0,True,results/rl/final_benchmark/reliability_first_20260731/artifacts/bc_v3__vertical_high_to_low__down_0p7m_straight__seed27020.trajectory.json,,
final_benchmark_episode_v1,hybrid,hybrid,hybrid_gate_controller,results/rl_public/stage1/bc/model/best_model.pt,False,True,vertical_high_to_low,down_0p7m_straight,vertical_high_to_low/down_0p7m_straight,results/rl/final_benchmark/reliability_first_20260731/generated_tracks/vertical_high_to_low__down_0p7m_straight.json,False,,27020,holdout,FINISHED,FINISHED,True,2,2,True,10.1,10.1,0.0,5.05,0,0,0,False,0,0,False,0,False,0,0,False,0,,False,9.663,189,86.9407,103.385,holoocean,0.1,none,180.0,0.013582481071352959,0.003763084067031741,0.011295407079160213,0.0,0.0,True,results/rl/final_benchmark/reliability_first_20260731/artifacts/hybrid__vertical_high_to_low__down_0p7m_straight__seed27020.trajectory.json,,
final_benchmark_episode_v1,ppo_1000814,ppo,rl_multigate_controller,results\rl\multigate_reliability_first\r2_reliability_first_seed23001_c3_recovery_476525\checkpoints\ppo_1000814_steps.zip,True,False,vertical_high_to_low,down_0p7m_straight,vertical_high_to_low/down_0p7m_straight,results/rl/final_benchmark/reliability_first_20260731/generated_tracks/vertical_high_to_low__down_0p7m_straight.json,False,,27020,holdout,FINISHED,FINISHED,True,2,2,True,12.899999999999999,12.899999999999999,0.0,6.449999999999999,0,0,0,False,0,0,False,0,False,0,0,False,0,0,False,11.4282,200,61.312,111.351,holoocean,0.1,none,180.0,0.02212201990187168,0.01862572506070137,0.041637565940618515,0.0,0.0,True,results/rl/final_benchmark/reliability_first_20260731/artifacts/ppo_1000814__vertical_high_to_low__down_0p7m_straight__seed27020.trajectory.json,,
final_benchmark_episode_v1,ppo_525678,ppo,rl_multigate_controller,results\rl\multigate_reliability_first\r2_reliability_first_seed23001_c3_recovery_476525\checkpoints\ppo_525678_steps.zip,True,False,vertical_high_to_low,down_0p7m_straight,vertical_high_to_low/down_0p7m_straight,results/rl/final_benchmark/reliability_first_20260731/generated_tracks/vertical_high_to_low__down_0p7m_straight.json,False,,27020,holdout,FINISHED,FINISHED,True,2,2,True,13.8,13.8,0.0,6.9,0,0,0,False,0,0,False,0,False,0,0,False,0,1,False,12.0454,269,69.0799,144.029,holoocean,0.1,none,180.0,0.020277980715036392,0.03149363771080971,0.040237829089164734,0.0,0.0,True,results/rl/final_benchmark/reliability_first_20260731/artifacts/ppo_525678__vertical_high_to_low__down_0p7m_straight__seed27020.trajectory.json,,
final_benchmark_episode_v1,ppo_900462,ppo,rl_multigate_controller,results\rl\multigate_reliability_first\r2_reliability_first_seed23001_c3_recovery_476525\checkpoints\ppo_900462_steps.zip,True,False,vertical_high_to_low,down_0p7m_straight,vertical_high_to_low/down_0p7m_straight,results/rl/final_benchmark/reliability_first_20260731/generated_tracks/vertical_high_to_low__down_0p7m_straight.json,False,,27020,holdout,FINISHED,FINISHED,True,2,2,True,8.4,8.4,0.0,4.2,0,0,0,False,0,0,False,0,False,0,0,False,0,0,False,10.1138,154,60.6109,124.149,holoocean,0.1,none,180.0,0.019657831639051437,0.014650856144726276,0.03566930815577507,0.0,0.0,True,results/rl/final_benchmark/reliability_first_20260731/artifacts/ppo_900462__vertical_high_to_low__down_0p7m_straight__seed27020.trajectory.json,,
final_benchmark_episode_v1,rule_gate_center_then_commit,rule,rule_gate_center_then_commit,,False,False,vertical_high_to_low,down_0p7m_straight,vertical_high_to_low/down_0p7m_straight,results/rl/final_benchmark/reliability_first_20260731/generated_tracks/vertical_high_to_low__down_0p7m_straight.json,False,,27020,holdout,FINISHED,FINISHED,True,2,2,True,10.600000000000001,10.600000000000001,0.0,5.300000000000001,0,0,0,False,0,0,False,0,False,0,0,False,0,,False,10.1574,200,29.7267,106.428,holoocean,0.1,none,180.0,0.014436252415180206,0.0033269685227423906,0.012803315185010433,0.0,0.0,True,results/rl/final_benchmark/reliability_first_20260731/artifacts/rule_gate_center_then_commit__vertical_high_to_low__down_0p7m_straight__seed27020.trajectory.json,,
final_benchmark_episode_v1,bc_v3,bc,rl_multigate_controller,results/rl/multigate_longrun/bc_v3_balanced_v2_20260728/bc_v3.pt,True,False,vertical_high_to_low,down_0p7m_straight,vertical_high_to_low/down_0p7m_straight,results/rl/final_benchmark/reliability_first_20260731/generated_tracks/vertical_high_to_low__down_0p7m_straight.json,False,,27021,holdout,FINISHED,FINISHED,True,2,2,True,17.1,17.1,0.0,8.55,0,0,0,False,0,0,False,0,False,0,0,False,0,0,False,11.182,267,57.1399,130.17,holoocean,0.1,none,180.0,0.02005832828581333,0.01154718641191721,0.022801538929343224,0.0,0.0,True,results/rl/final_benchmark/reliability_first_20260731/artifacts/bc_v3__vertical_high_to_low__down_0p7m_straight__seed27021.trajectory.json,,
final_benchmark_episode_v1,hybrid,hybrid,hybrid_gate_controller,results/rl_public/stage1/bc/model/best_model.pt,False,True,vertical_high_to_low,down_0p7m_straight,vertical_high_to_low/down_0p7m_straight,results/rl/final_benchmark/reliability_first_20260731/generated_tracks/vertical_high_to_low__down_0p7m_straight.json,False,,27021,holdout,FINISHED,FINISHED,True,2,2,True,10.399999999999999,10.399999999999999,0.0,5.199999999999999,0,0,0,False,0,0,False,0,False,0,0,False,0,,False,9.8691,194,112.6956,91.246,holoocean,0.1,none,180.0,0.011298967525362968,0.003336781170219183,0.013345150277018547,0.0,0.0,True,results/rl/final_benchmark/reliability_first_20260731/artifacts/hybrid__vertical_high_to_low__down_0p7m_straight__seed27021.trajectory.json,,
final_benchmark_episode_v1,ppo_1000814,ppo,rl_multigate_controller,results\rl\multigate_reliability_first\r2_reliability_first_seed23001_c3_recovery_476525\checkpoints\ppo_1000814_steps.zip,True,False,vertical_high_to_low,down_0p7m_straight,vertical_high_to_low/down_0p7m_straight,results/rl/final_benchmark/reliability_first_20260731/generated_tracks/vertical_high_to_low__down_0p7m_straight.json,False,,27021,holdout,FINISHED,FINISHED,True,2,2,True,6.8999999999999995,6.8999999999999995,0.0,3.4499999999999997,0,0,0,False,0,0,False,0,False,0,0,False,0,0,False,10.0137,136,57.9192,103.7,holoocean,0.1,none,180.0,0.020513197407126427,0.014128514565527439,0.031488388776779175,0.0,0.0,True,results/rl/final_benchmark/reliability_first_20260731/artifacts/ppo_1000814__vertical_high_to_low__down_0p7m_straight__seed27021.trajectory.json,,
final_benchmark_episode_v1,ppo_525678,ppo,rl_multigate_controller,results\rl\multigate_reliability_first\r2_reliability_first_seed23001_c3_recovery_476525\checkpoints\ppo_525678_steps.zip,True,False,vertical_high_to_low,down_0p7m_straight,vertical_high_to_low/down_0p7m_straight,results/rl/final_benchmark/reliability_first_20260731/generated_tracks/vertical_high_to_low__down_0p7m_straight.json,False,,27021,holdout,FINISHED,FINISHED,True,2,2,True,7.800000000000001,7.800000000000001,0.0,3.9000000000000004,0,0,0,False,0,0,False,0,False,0,0,False,0,0,False,10.0733,140,62.5289,104.805,holoocean,0.1,none,180.0,0.019106237217783928,0.02251633256673813,0.03400365635752678,0.0,0.0,True,results/rl/final_benchmark/reliability_first_20260731/artifacts/ppo_525678__vertical_high_to_low__down_0p7m_straight__seed27021.trajectory.json,,
final_benchmark_episode_v1,ppo_900462,ppo,rl_multigate_controller,results\rl\multigate_reliability_first\r2_reliability_first_seed23001_c3_recovery_476525\checkpoints\ppo_900462_steps.zip,True,False,vertical_high_to_low,down_0p7m_straight,vertical_high_to_low/down_0p7m_straight,results/rl/final_benchmark/reliability_first_20260731/generated_tracks/vertical_high_to_low__down_0p7m_straight.json,False,,27021,holdout,FINISHED,FINISHED,True,2,2,True,8.9,8.9,0.0,4.45,0,0,0,False,0,0,False,0,False,0,0,False,0,0,False,10.1836,160,64.6534,131.323,holoocean,0.1,none,180.0,0.020491410046815872,0.014534495770931244,0.0362149253487587,0.0,0.0,True,results/rl/final_benchmark/reliability_first_20260731/artifacts/ppo_900462__vertical_high_to_low__down_0p7m_straight__seed27021.trajectory.json,,
final_benchmark_episode_v1,rule_gate_center_then_commit,rule,rule_gate_center_then_commit,,False,False,vertical_high_to_low,down_0p7m_straight,vertical_high_to_low/down_0p7m_straight,results/rl/final_benchmark/reliability_first_20260731/generated_tracks/vertical_high_to_low__down_0p7m_straight.json,False,,27021,holdout,FINISHED,FINISHED,True,2,2,True,10.600000000000001,10.600000000000001,0.0,5.300000000000001,0,0,0,False,0,0,False,0,False,0,0,False,0,,False,10.1574,200,29.6381,109.187,holoocean,0.1,none,180.0,0.014436252415180206,0.0033269685227423906,0.012803315185010433,0.0,0.0,True,results/rl/final_benchmark/reliability_first_20260731/artifacts/rule_gate_center_then_commit__vertical_high_to_low__down_0p7m_straight__seed27021.trajectory.json,,
final_benchmark_episode_v1,bc_v3,bc,rl_multigate_controller,results/rl/multigate_longrun/bc_v3_balanced_v2_20260728/bc_v3.pt,True,False,vertical_high_to_low,down_1p2m_right15,vertical_high_to_low/down_1p2m_right15,results/rl/final_benchmark/reliability_first_20260731/generated_tracks/vertical_high_to_low__down_1p2m_right15.json,False,,21222,reused,FINISHED,FINISHED,True,2,2,True,11.399999999999999,11.399999999999999,0.0,5.699999999999999,0,0,0,False,0,0,False,0,False,0,0,False,0,0,False,10.6581,209,74.2346,106.842,holoocean,0.1,none,180.0,0.015813041478395462,0.014088098891079426,0.031487010419368744,0.0,0.0,True,results/rl/final_benchmark/reliability_first_20260731/artifacts/bc_v3__vertical_high_to_low__down_1p2m_right15__seed21222.trajectory.json,,
final_benchmark_episode_v1,hybrid,hybrid,hybrid_gate_controller,results/rl_public/stage1/bc/model/best_model.pt,False,True,vertical_high_to_low,down_1p2m_right15,vertical_high_to_low/down_1p2m_right15,results/rl/final_benchmark/reliability_first_20260731/generated_tracks/vertical_high_to_low__down_1p2m_right15.json,False,,21222,reused,FINISHED,FINISHED,True,2,2,True,43.2,43.2,0.0,21.6,0,0,0,False,0,0,False,0,False,0,0,False,0,,False,12.5331,526,93.8709,216.065,holoocean,0.1,none,180.0,0.013415014371275902,0.006084248889237642,0.03191176801919937,0.0,0.0,True,results/rl/final_benchmark/reliability_first_20260731/artifacts/hybrid__vertical_high_to_low__down_1p2m_right15__seed21222.trajectory.json,,
final_benchmark_episode_v1,ppo_1000814,ppo,rl_multigate_controller,results\rl\multigate_reliability_first\r2_reliability_first_seed23001_c3_recovery_476525\checkpoints\ppo_1000814_steps.zip,True,False,vertical_high_to_low,down_1p2m_right15,vertical_high_to_low/down_1p2m_right15,results/rl/final_benchmark/reliability_first_20260731/generated_tracks/vertical_high_to_low__down_1p2m_right15.json,False,,21222,reused,FINISHED,FINISHED,True,2,2,True,9.299999999999999,9.299999999999999,0.0,4.6499999999999995,0,0,0,False,0,0,False,0,False,0,0,False,0,0,False,10.7768,162,69.6208,123.584,holoocean,0.1,none,180.0,0.020040536299347878,0.021375540643930435,0.046574756503105164,0.0,0.0,True,results/rl/final_benchmark/reliability_first_20260731/artifacts/ppo_1000814__vertical_high_to_low__down_1p2m_right15__seed21222.trajectory.json,,
final_benchmark_episode_v1,ppo_525678,ppo,rl_multigate_controller,results\rl\multigate_reliability_first\r2_reliability_first_seed23001_c3_recovery_476525\checkpoints\ppo_525678_steps.zip,True,False,vertical_high_to_low,down_1p2m_right15,vertical_high_to_low/down_1p2m_right15,results/rl/final_benchmark/reliability_first_20260731/generated_tracks/vertical_high_to_low__down_1p2m_right15.json,False,,21222,reused,FINISHED,FINISHED,True,2,2,True,9.1,9.1,0.0,4.55,0,0,0,False,0,0,False,0,False,0,0,False,0,0,False,10.9209,158,64.5867,114.434,holoocean,0.1,none,180.0,0.023429905995726585,0.021241765469312668,0.04468270391225815,0.0,0.0,True,results/rl/final_benchmark/reliability_first_20260731/artifacts/ppo_525678__vertical_high_to_low__down_1p2m_right15__seed21222.trajectory.json,,
final_benchmark_episode_v1,ppo_900462,ppo,rl_multigate_controller,results\rl\multigate_reliability_first\r2_reliability_first_seed23001_c3_recovery_476525\checkpoints\ppo_900462_steps.zip,True,False,vertical_high_to_low,down_1p2m_right15,vertical_high_to_low/down_1p2m_right15,results/rl/final_benchmark/reliability_first_20260731/generated_tracks/vertical_high_to_low__down_1p2m_right15.json,False,,21222,reused,FINISHED,FINISHED,True,2,2,True,9.299999999999999,9.299999999999999,0.0,4.6499999999999995,0,0,0,False,0,0,False,0,False,0,0,False,0,0,False,10.7828,168,72.355,123.646,holoocean,0.1,none,180.0,0.017504841089248657,0.02219054289162159,0.03732665255665779,0.0,0.0,True,results/rl/final_benchmark/reliability_first_20260731/artifacts/ppo_900462__vertical_high_to_low__down_1p2m_right15__seed21222.trajectory.json,,
final_benchmark_episode_v1,rule_gate_center_then_commit,rule,rule_gate_center_then_commit,,False,False,vertical_high_to_low,down_1p2m_right15,vertical_high_to_low/down_1p2m_right15,results/rl/final_benchmark/reliability_first_20260731/generated_tracks/vertical_high_to_low__down_1p2m_right15.json,False,,21222,reused,FINISHED,FINISHED,True,2,2,True,11.5,11.5,0.0,5.75,0,0,0,False,0,0,False,0,False,0,0,False,0,,False,10.85,204,29.0983,112.046,holoocean,0.1,none,180.0,0.008332248777151108,0.0029061033856123686,0.01840631663799286,0.0,0.0,True,results/rl/final_benchmark/reliability_first_20260731/artifacts/rule_gate_center_then_commit__vertical_high_to_low__down_1p2m_right15__seed21222.trajectory.json,,
final_benchmark_episode_v1,bc_v3,bc,rl_multigate_controller,results/rl/multigate_longrun/bc_v3_balanced_v2_20260728/bc_v3.pt,True,False,vertical_high_to_low,down_1p2m_right15,vertical_high_to_low/down_1p2m_right15,results/rl/final_benchmark/reliability_first_20260731/generated_tracks/vertical_high_to_low__down_1p2m_right15.json,False,,21223,reused,FINISHED,FINISHED,True,2,2,True,13.0,13.0,0.0,6.5,0,0,0,False,0,0,False,0,False,0,0,False,0,0,False,10.6182,223,66.1532,110.263,holoocean,0.1,none,180.0,0.013360356912016869,0.011892051436007023,0.026863496750593185,0.0,0.0,True,results/rl/final_benchmark/reliability_first_20260731/artifacts/bc_v3__vertical_high_to_low__down_1p2m_right15__seed21223.trajectory.json,,
final_benchmark_episode_v1,hybrid,hybrid,hybrid_gate_controller,results/rl_public/stage1/bc/model/best_model.pt,False,True,vertical_high_to_low,down_1p2m_right15,vertical_high_to_low/down_1p2m_right15,results/rl/final_benchmark/reliability_first_20260731/generated_tracks/vertical_high_to_low__down_1p2m_right15.json,False,,21223,reused,FINISHED,FINISHED,True,2,2,True,12.899999999999999,12.899999999999999,0.0,6.449999999999999,0,0,0,False,0,0,False,0,False,0,0,False,0,,False,10.7643,214,95.7405,109.863,holoocean,0.1,none,180.0,0.0031771601643413305,0.0035068069119006395,0.016327418386936188,0.0,0.0,True,results/rl/final_benchmark/reliability_first_20260731/artifacts/hybrid__vertical_high_to_low__down_1p2m_right15__seed21223.trajectory.json,,
final_benchmark_episode_v1,ppo_1000814,ppo,rl_multigate_controller,results\rl\multigate_reliability_first\r2_reliability_first_seed23001_c3_recovery_476525\checkpoints\ppo_1000814_steps.zip,True,False,vertical_high_to_low,down_1p2m_right15,vertical_high_to_low/down_1p2m_right15,results/rl/final_benchmark/reliability_first_20260731/generated_tracks/vertical_high_to_low__down_1p2m_right15.json,False,,21223,reused,FINISHED,FINISHED,True,2,2,True,12.6,12.6,0.0,6.3,0,0,0,False,0,0,False,0,False,0,0,False,0,0,False,11.3401,200,63.6951,128.782,holoocean,0.1,none,180.0,0.01770819164812565,0.02139424718916416,0.04599776491522789,0.0,0.0,True,results/rl/final_benchmark/reliability_first_20260731/artifacts/ppo_1000814__vertical_high_to_low__down_1p2m_right15__seed21223.trajectory.json,,
final_benchmark_episode_v1,ppo_525678,ppo,rl_multigate_controller,results\rl\multigate_reliability_first\r2_reliability_first_seed23001_c3_recovery_476525\checkpoints\ppo_525678_steps.zip,True,False,vertical_high_to_low,down_1p2m_right15,vertical_high_to_low/down_1p2m_right15,results/rl/final_benchmark/reliability_first_20260731/generated_tracks/vertical_high_to_low__down_1p2m_right15.json,False,,21223,reused,FINISHED,FINISHED,True,2,2,True,10.600000000000001,10.600000000000001,0.0,5.300000000000001,0,0,0,False,0,0,False,0,False,0,0,False,0,0,False,11.0899,176,65.8692,149.304,holoocean,0.1,none,180.0,0.020900852978229523,0.024226941168308258,0.0456131249666214,0.0,0.0,True,results/rl/final_benchmark/reliability_first_20260731/artifacts/ppo_525678__vertical_high_to_low__down_1p2m_right15__seed21223.trajectory.json,,
final_benchmark_episode_v1,ppo_900462,ppo,rl_multigate_controller,results\rl\multigate_reliability_first\r2_reliability_first_seed23001_c3_recovery_476525\checkpoints\ppo_900462_steps.zip,True,False,vertical_high_to_low,down_1p2m_right15,vertical_high_to_low/down_1p2m_right15,results/rl/final_benchmark/reliability_first_20260731/generated_tracks/vertical_high_to_low__down_1p2m_right15.json,False,,21223,reused,FINISHED,FINISHED,True,2,2,True,10.100000000000001,10.100000000000001,0.0,5.050000000000001,0,0,0,False,0,0,False,0,False,0,0,False,0,0,False,10.7928,178,66.1201,125.953,holoocean,0.1,none,180.0,0.020625490695238113,0.021005306392908096,0.04471522569656372,0.0,0.0,True,results/rl/final_benchmark/reliability_first_20260731/artifacts/ppo_900462__vertical_high_to_low__down_1p2m_right15__seed21223.trajectory.json,,
final_benchmark_episode_v1,rule_gate_center_then_commit,rule,rule_gate_center_then_commit,,False,False,vertical_high_to_low,down_1p2m_right15,vertical_high_to_low/down_1p2m_right15,results/rl/final_benchmark/reliability_first_20260731/generated_tracks/vertical_high_to_low__down_1p2m_right15.json,False,,21223,reused,FINISHED,FINISHED,True,2,2,True,11.2,11.2,0.0,5.6,0,0,0,False,0,0,False,0,False,0,0,False,0,,False,10.7508,202,29.9953,99.216,holoocean,0.1,none,180.0,0.006070840638130903,0.002958429977297783,0.01724827289581299,0.0,0.0,True,results/rl/final_benchmark/reliability_first_20260731/artifacts/rule_gate_center_then_commit__vertical_high_to_low__down_1p2m_right15__seed21223.trajectory.json,,
final_benchmark_episode_v1,bc_v3,bc,rl_multigate_controller,results/rl/multigate_longrun/bc_v3_balanced_v2_20260728/bc_v3.pt,True,False,vertical_high_to_low,down_1p2m_right15,vertical_high_to_low/down_1p2m_right15,results/rl/final_benchmark/reliability_first_20260731/generated_tracks/vertical_high_to_low__down_1p2m_right15.json,False,,27022,holdout,FINISHED,FINISHED,True,2,2,True,15.399999999999999,15.399999999999999,0.0,7.699999999999999,0,0,0,False,0,0,False,0,False,0,0,False,0,0,False,10.9107,250,54.0075,121.91,holoocean,0.1,none,180.0,0.013860498555004597,0.010532638989388943,0.02749210223555565,0.0,0.0,True,results/rl/final_benchmark/reliability_first_20260731/artifacts/bc_v3__vertical_high_to_low__down_1p2m_right15__seed27022.trajectory.json,,
final_benchmark_episode_v1,hybrid,hybrid,hybrid_gate_controller,results/rl_public/stage1/bc/model/best_model.pt,False,True,vertical_high_to_low,down_1p2m_right15,vertical_high_to_low/down_1p2m_right15,results/rl/final_benchmark/reliability_first_20260731/generated_tracks/vertical_high_to_low__down_1p2m_right15.json,False,,27022,holdout,FINISHED,FINISHED,True,2,2,True,13.899999999999999,13.899999999999999,0.0,6.949999999999999,0,0,0,False,0,0,False,0,False,0,0,False,0,,False,10.9463,229,99.9537,119.052,holoocean,0.1,none,180.0,0.010239297524094582,0.0033833705820143223,0.020232081413269043,0.0,0.0,True,results/rl/final_benchmark/reliability_first_20260731/artifacts/hybrid__vertical_high_to_low__down_1p2m_right15__seed27022.trajectory.json,,
final_benchmark_episode_v1,ppo_1000814,ppo,rl_multigate_controller,results\rl\multigate_reliability_first\r2_reliability_first_seed23001_c3_recovery_476525\checkpoints\ppo_1000814_steps.zip,True,False,vertical_high_to_low,down_1p2m_right15,vertical_high_to_low/down_1p2m_right15,results/rl/final_benchmark/reliability_first_20260731/generated_tracks/vertical_high_to_low__down_1p2m_right15.json,False,,27022,holdout,FINISHED,FINISHED,True,2,2,True,13.999999999999998,13.999999999999998,0.0,6.999999999999999,0,0,0,False,0,0,False,0,False,0,0,False,0,0,False,11.6649,210,57.2949,104.981,holoocean,0.1,none,180.0,0.019749430939555168,0.021132705733180046,0.04263383150100708,0.0,0.0,True,results/rl/final_benchmark/reliability_first_20260731/artifacts/ppo_1000814__vertical_high_to_low__down_1p2m_right15__seed27022.trajectory.json,,
final_benchmark_episode_v1,ppo_525678,ppo,rl_multigate_controller,results\rl\multigate_reliability_first\r2_reliability_first_seed23001_c3_recovery_476525\checkpoints\ppo_525678_steps.zip,True,False,vertical_high_to_low,down_1p2m_right15,vertical_high_to_low/down_1p2m_right15,results/rl/final_benchmark/reliability_first_20260731/generated_tracks/vertical_high_to_low__down_1p2m_right15.json,False,,27022,holdout,FINISHED,FINISHED,True,2,2,True,9.9,9.9,0.0,4.95,0,0,0,False,0,0,False,0,False,0,0,False,0,0,False,10.8774,166,71.5824,118.163,holoocean,0.1,none,180.0,0.020747078582644463,0.020452365279197693,0.047116249799728394,0.0,0.0,True,results/rl/final_benchmark/reliability_first_20260731/artifacts/ppo_525678__vertical_high_to_low__down_1p2m_right15__seed27022.trajectory.json,,
final_benchmark_episode_v1,ppo_900462,ppo,rl_multigate_controller,results\rl\multigate_reliability_first\r2_reliability_first_seed23001_c3_recovery_476525\checkpoints\ppo_900462_steps.zip,True,False,vertical_high_to_low,down_1p2m_right15,vertical_high_to_low/down_1p2m_right15,results/rl/final_benchmark/reliability_first_20260731/generated_tracks/vertical_high_to_low__down_1p2m_right15.json,False,,27022,holdout,FINISHED,FINISHED,True,2,2,True,14.5,14.5,0.0,7.25,0,0,0,False,0,0,False,0,False,0,0,False,0,0,False,11.0027,218,67.1102,128.528,holoocean,0.1,none,180.0,0.0185188390314579,0.020109863951802254,0.041076093912124634,0.0,0.0,True,results/rl/final_benchmark/reliability_first_20260731/artifacts/ppo_900462__vertical_high_to_low__down_1p2m_right15__seed27022.trajectory.json,,
final_benchmark_episode_v1,rule_gate_center_then_commit,rule,rule_gate_center_then_commit,,False,False,vertical_high_to_low,down_1p2m_right15,vertical_high_to_low/down_1p2m_right15,results/rl/final_benchmark/reliability_first_20260731/generated_tracks/vertical_high_to_low__down_1p2m_right15.json,False,,27022,holdout,FINISHED,FINISHED,True,2,2,True,11.2,11.2,0.0,5.6,0,0,0,False,0,0,False,0,False,0,0,False,0,,False,10.7508,202,32.445,98.144,holoocean,0.1,none,180.0,0.006070840638130903,0.002958429977297783,0.01724827289581299,0.0,0.0,True,results/rl/final_benchmark/reliability_first_20260731/artifacts/rule_gate_center_then_commit__vertical_high_to_low__down_1p2m_right15__seed27022.trajectory.json,,
final_benchmark_episode_v1,bc_v3,bc,rl_multigate_controller,results/rl/multigate_longrun/bc_v3_balanced_v2_20260728/bc_v3.pt,True,False,vertical_high_to_low,down_1p2m_right15,vertical_high_to_low/down_1p2m_right15,results/rl/final_benchmark/reliability_first_20260731/generated_tracks/vertical_high_to_low__down_1p2m_right15.json,False,,27023,holdout,FINISHED,FINISHED,True,2,2,True,14.7,14.7,0.0,7.35,0,0,0,False,0,0,False,0,False,0,0,False,0,0,False,10.8476,244,60.4272,124.687,holoocean,0.1,none,180.0,0.013554287143051624,0.01150177139788866,0.030070563778281212,0.0,0.0,True,results/rl/final_benchmark/reliability_first_20260731/artifacts/bc_v3__vertical_high_to_low__down_1p2m_right15__seed27023.trajectory.json,,
final_benchmark_episode_v1,hybrid,hybrid,hybrid_gate_controller,results/rl_public/stage1/bc/model/best_model.pt,False,True,vertical_high_to_low,down_1p2m_right15,vertical_high_to_low/down_1p2m_right15,results/rl/final_benchmark/reliability_first_20260731/generated_tracks/vertical_high_to_low__down_1p2m_right15.json,False,,27023,holdout,FINISHED,FINISHED,True,2,2,True,12.399999999999999,12.399999999999999,0.0,6.199999999999999,0,0,0,False,0,0,False,0,False,0,0,False,0,,False,10.7511,214,87.9277,121.425,holoocean,0.1,none,180.0,0.0059026130475103855,0.0033114696852862835,0.01917138323187828,0.0,0.0,True,results/rl/final_benchmark/reliability_first_20260731/artifacts/hybrid__vertical_high_to_low__down_1p2m_right15__seed27023.trajectory.json,,
final_benchmark_episode_v1,ppo_1000814,ppo,rl_multigate_controller,results\rl\multigate_reliability_first\r2_reliability_first_seed23001_c3_recovery_476525\checkpoints\ppo_1000814_steps.zip,True,False,vertical_high_to_low,down_1p2m_right15,vertical_high_to_low/down_1p2m_right15,results/rl/final_benchmark/reliability_first_20260731/generated_tracks/vertical_high_to_low__down_1p2m_right15.json,False,,27023,holdout,FINISHED,FINISHED,True,2,2,True,8.899999999999999,8.899999999999999,0.0,4.449999999999999,0,0,0,False,0,0,False,0,False,0,0,False,0,0,False,10.6197,156,57.5014,100.118,holoocean,0.1,none,180.0,0.021074088290333748,0.020289555191993713,0.04312276095151901,0.0,0.0,True,results/rl/final_benchmark/reliability_first_20260731/artifacts/ppo_1000814__vertical_high_to_low__down_1p2m_right15__seed27023.trajectory.json,,
final_benchmark_episode_v1,ppo_525678,ppo,rl_multigate_controller,results\rl\multigate_reliability_first\r2_reliability_first_seed23001_c3_recovery_476525\checkpoints\ppo_525678_steps.zip,True,False,vertical_high_to_low,down_1p2m_right15,vertical_high_to_low/down_1p2m_right15,results/rl/final_benchmark/reliability_first_20260731/generated_tracks/vertical_high_to_low__down_1p2m_right15.json,False,,27023,holdout,FINISHED,FINISHED,True,2,2,True,8.6,8.6,0.0,4.3,0,0,0,False,0,0,False,0,False,0,0,False,0,0,False,10.6124,148,69.6981,95.772,holoocean,0.1,none,180.0,0.019878197461366653,0.01779046468436718,0.04039283096790314,0.0,0.0,True,results/rl/final_benchmark/reliability_first_20260731/artifacts/ppo_525678__vertical_high_to_low__down_1p2m_right15__seed27023.trajectory.json,,
final_benchmark_episode_v1,ppo_900462,ppo,rl_multigate_controller,results\rl\multigate_reliability_first\r2_reliability_first_seed23001_c3_recovery_476525\checkpoints\ppo_900462_steps.zip,True,False,vertical_high_to_low,down_1p2m_right15,vertical_high_to_low/down_1p2m_right15,results/rl/final_benchmark/reliability_first_20260731/generated_tracks/vertical_high_to_low__down_1p2m_right15.json,False,,27023,holdout,FINISHED,FINISHED,True,2,2,True,9.4,9.4,0.0,4.7,0,0,0,False,0,0,False,0,False,0,0,False,0,0,False,10.6934,166,60.4889,109.916,holoocean,0.1,none,180.0,0.02152351662516594,0.01936594769358635,0.03939283639192581,0.0,0.0,True,results/rl/final_benchmark/reliability_first_20260731/artifacts/ppo_900462__vertical_high_to_low__down_1p2m_right15__seed27023.trajectory.json,,
final_benchmark_episode_v1,rule_gate_center_then_commit,rule,rule_gate_center_then_commit,,False,False,vertical_high_to_low,down_1p2m_right15,vertical_high_to_low/down_1p2m_right15,results/rl/final_benchmark/reliability_first_20260731/generated_tracks/vertical_high_to_low__down_1p2m_right15.json,False,,27023,holdout,FINISHED,FINISHED,True,2,2,True,11.2,11.2,0.0,5.6,0,0,0,False,0,0,False,0,False,0,0,False,0,,False,10.7508,202,29.758,105.566,holoocean,0.1,none,180.0,0.006070840638130903,0.002958429977297783,0.01724827289581299,0.0,0.0,True,results/rl/final_benchmark/reliability_first_20260731/artifacts/rule_gate_center_then_commit__vertical_high_to_low__down_1p2m_right15__seed27023.trajectory.json,,
final_benchmark_episode_v1,bc_v3,bc,rl_multigate_controller,results/rl/multigate_longrun/bc_v3_balanced_v2_20260728/bc_v3.pt,True,False,vertical_low_to_high,up_0p7m_straight,vertical_low_to_high/up_0p7m_straight,results/rl/final_benchmark/reliability_first_20260731/generated_tracks/vertical_low_to_high__up_0p7m_straight.json,False,,21216,reused,FINISHED,FINISHED,True,2,2,True,11.3,11.3,0.0,5.65,0,0,0,False,0,0,False,0,False,0,0,False,0,0,False,10.2268,215,54.2261,111.184,holoocean,0.1,none,180.0,0.01778491772711277,0.010410752147436142,0.020446091890335083,0.0,0.0,True,results/rl/final_benchmark/reliability_first_20260731/artifacts/bc_v3__vertical_low_to_high__up_0p7m_straight__seed21216.trajectory.json,,
final_benchmark_episode_v1,hybrid,hybrid,hybrid_gate_controller,results/rl_public/stage1/bc/model/best_model.pt,False,True,vertical_low_to_high,up_0p7m_straight,vertical_low_to_high/up_0p7m_straight,results/rl/final_benchmark/reliability_first_20260731/generated_tracks/vertical_low_to_high__up_0p7m_straight.json,False,,21216,reused,FINISHED,FINISHED,True,2,2,True,13.899999999999999,13.899999999999999,0.0,6.949999999999999,0,0,0,False,0,0,False,0,False,0,0,False,0,,False,10.6795,238,81.677,118.682,holoocean,0.1,none,180.0,0.016582228243350983,0.005716376472264528,0.018112026154994965,0.0,0.0,True,results/rl/final_benchmark/reliability_first_20260731/artifacts/hybrid__vertical_low_to_high__up_0p7m_straight__seed21216.trajectory.json,,
final_benchmark_episode_v1,ppo_1000814,ppo,rl_multigate_controller,results\rl\multigate_reliability_first\r2_reliability_first_seed23001_c3_recovery_476525\checkpoints\ppo_1000814_steps.zip,True,False,vertical_low_to_high,up_0p7m_straight,vertical_low_to_high/up_0p7m_straight,results/rl/final_benchmark/reliability_first_20260731/generated_tracks/vertical_low_to_high__up_0p7m_straight.json,False,,21216,reused,FINISHED,FINISHED,True,2,2,True,8.7,8.7,0.0,4.35,0,0,0,False,0,0,False,0,False,0,0,False,0,1,False,12.214,223,54.8906,123.843,holoocean,0.1,none,180.0,0.03180322423577309,0.045593298971652985,0.04703972488641739,0.0,0.0,True,results/rl/final_benchmark/reliability_first_20260731/artifacts/ppo_1000814__vertical_low_to_high__up_0p7m_straight__seed21216.trajectory.json,,
final_benchmark_episode_v1,ppo_525678,ppo,rl_multigate_controller,results\rl\multigate_reliability_first\r2_reliability_first_seed23001_c3_recovery_476525\checkpoints\ppo_525678_steps.zip,True,False,vertical_low_to_high,up_0p7m_straight,vertical_low_to_high/up_0p7m_straight,results/rl/final_benchmark/reliability_first_20260731/generated_tracks/vertical_low_to_high__up_0p7m_straight.json,False,,21216,reused,FINISHED,FINISHED,True,2,2,True,8.6,8.6,0.0,4.3,0,0,0,False,0,0,False,0,False,0,0,False,0,0,False,11.0953,162,59.7487,108.518,holoocean,0.1,none,180.0,0.02645972929894924,0.028984414413571358,0.04475749656558037,0.0,0.0,True,results/rl/final_benchmark/reliability_first_20260731/artifacts/ppo_525678__vertical_low_to_high__up_0p7m_straight__seed21216.trajectory.json,,
final_benchmark_episode_v1,ppo_900462,ppo,rl_multigate_controller,results\rl\multigate_reliability_first\r2_reliability_first_seed23001_c3_recovery_476525\checkpoints\ppo_900462_steps.zip,True,False,vertical_low_to_high,up_0p7m_straight,vertical_low_to_high/up_0p7m_straight,results/rl/final_benchmark/reliability_first_20260731/generated_tracks/vertical_low_to_high__up_0p7m_straight.json,False,,21216,reused,FINISHED,FINISHED,True,2,2,True,8.5,8.5,0.0,4.25,0,0,0,False,0,0,False,0,False,0,0,False,1,1,False,12.4446,223,64.3188,134.769,holoocean,0.1,none,180.0,0.032533980906009674,0.03788580000400543,0.04408491030335426,0.0,0.0,True,results/rl/final_benchmark/reliability_first_20260731/artifacts/ppo_900462__vertical_low_to_high__up_0p7m_straight__seed21216.trajectory.json,,
final_benchmark_episode_v1,rule_gate_center_then_commit,rule,rule_gate_center_then_commit,,False,False,vertical_low_to_high,up_0p7m_straight,vertical_low_to_high/up_0p7m_straight,results/rl/final_benchmark/reliability_first_20260731/generated_tracks/vertical_low_to_high__up_0p7m_straight.json,False,,21216,reused,FINISHED,FINISHED,True,2,2,True,10.0,10.0,0.0,5.0,0,0,0,False,0,0,False,0,False,0,0,False,0,,False,10.0984,195,27.8106,106.112,holoocean,0.1,none,180.0,0.01587097905576229,0.0037053844425827265,0.01524372212588787,0.0,0.0,True,results/rl/final_benchmark/reliability_first_20260731/artifacts/rule_gate_center_then_commit__vertical_low_to_high__up_0p7m_straight__seed21216.trajectory.json,,
final_benchmark_episode_v1,bc_v3,bc,rl_multigate_controller,results/rl/multigate_longrun/bc_v3_balanced_v2_20260728/bc_v3.pt,True,False,vertical_low_to_high,up_0p7m_straight,vertical_low_to_high/up_0p7m_straight,results/rl/final_benchmark/reliability_first_20260731/generated_tracks/vertical_low_to_high__up_0p7m_straight.json,False,,21217,reused,FINISHED,FINISHED,True,2,2,True,11.299999999999999,11.299999999999999,0.0,5.6499999999999995,0,0,0,False,0,0,False,0,False,0,0,False,0,0,False,10.3746,215,53.1863,109.134,holoocean,0.1,none,180.0,0.01875082030892372,0.01134931668639183,0.02026238478720188,0.0,0.0,True,results/rl/final_benchmark/reliability_first_20260731/artifacts/bc_v3__vertical_low_to_high__up_0p7m_straight__seed21217.trajectory.json,,
final_benchmark_episode_v1,hybrid,hybrid,hybrid_gate_controller,results/rl_public/stage1/bc/model/best_model.pt,False,True,vertical_low_to_high,up_0p7m_straight,vertical_low_to_high/up_0p7m_straight,results/rl/final_benchmark/reliability_first_20260731/generated_tracks/vertical_low_to_high__up_0p7m_straight.json,False,,21217,reused,FINISHED,FINISHED,True,2,2,True,13.8,13.8,0.0,6.9,0,0,0,False,0,0,False,0,False,0,0,False,0,,False,10.6267,240,97.2399,121.076,holoocean,0.1,none,180.0,0.015998225659132004,0.006275292951613665,0.021302688866853714,0.0,0.0,True,results/rl/final_benchmark/reliability_first_20260731/artifacts/hybrid__vertical_low_to_high__up_0p7m_straight__seed21217.trajectory.json,,
final_benchmark_episode_v1,ppo_1000814,ppo,rl_multigate_controller,results\rl\multigate_reliability_first\r2_reliability_first_seed23001_c3_recovery_476525\checkpoints\ppo_1000814_steps.zip,True,False,vertical_low_to_high,up_0p7m_straight,vertical_low_to_high/up_0p7m_straight,results/rl/final_benchmark/reliability_first_20260731/generated_tracks/vertical_low_to_high__up_0p7m_straight.json,False,,21217,reused,FINISHED,FINISHED,True,2,2,True,8.1,8.1,0.0,4.05,0,0,0,False,0,0,False,0,False,0,0,False,0,0,False,10.456,156,52.6597,90.306,holoocean,0.1,none,180.0,0.029219957068562508,0.02384849824011326,0.0440947450697422,0.0,0.0,True,results/rl/final_benchmark/reliability_first_20260731/artifacts/ppo_1000814__vertical_low_to_high__up_0p7m_straight__seed21217.trajectory.json,,
final_benchmark_episode_v1,ppo_525678,ppo,rl_multigate_controller,results\rl\multigate_reliability_first\r2_reliability_first_seed23001_c3_recovery_476525\checkpoints\ppo_525678_steps.zip,True,False,vertical_low_to_high,up_0p7m_straight,vertical_low_to_high/up_0p7m_straight,results/rl/final_benchmark/reliability_first_20260731/generated_tracks/vertical_low_to_high__up_0p7m_straight.json,False,,21217,reused,FINISHED,FINISHED,True,2,2,True,8.899999999999999,8.899999999999999,0.0,4.449999999999999,0,0,0,False,0,0,False,0,False,0,0,False,0,0,False,11.2866,168,59.777,125.161,holoocean,0.1,none,180.0,0.026934655383229256,0.028823284432291985,0.04595479369163513,0.0,0.0,True,results/rl/final_benchmark/reliability_first_20260731/artifacts/ppo_525678__vertical_low_to_high__up_0p7m_straight__seed21217.trajectory.json,,
final_benchmark_episode_v1,ppo_900462,ppo,rl_multigate_controller,results\rl\multigate_reliability_first\r2_reliability_first_seed23001_c3_recovery_476525\checkpoints\ppo_900462_steps.zip,True,False,vertical_low_to_high,up_0p7m_straight,vertical_low_to_high/up_0p7m_straight,results/rl/final_benchmark/reliability_first_20260731/generated_tracks/vertical_low_to_high__up_0p7m_straight.json,False,,21217,reused,FINISHED,FINISHED,True,2,2,True,9.1,9.1,0.0,4.55,0,0,0,False,0,0,False,0,False,0,0,False,0,1,False,11.8632,232,62.9135,142.747,holoocean,0.1,none,180.0,0.03325991705060005,0.05423251539468765,0.050103504210710526,0.0,0.0,True,results/rl/final_benchmark/reliability_first_20260731/artifacts/ppo_900462__vertical_low_to_high__up_0p7m_straight__seed21217.trajectory.json,,
final_benchmark_episode_v1,rule_gate_center_then_commit,rule,rule_gate_center_then_commit,,False,False,vertical_low_to_high,up_0p7m_straight,vertical_low_to_high/up_0p7m_straight,results/rl/final_benchmark/reliability_first_20260731/generated_tracks/vertical_low_to_high__up_0p7m_straight.json,False,,21217,reused,FINISHED,FINISHED,True,2,2,True,10.0,10.0,0.0,5.0,0,0,0,False,0,0,False,0,False,0,0,False,0,,False,10.0984,195,29.2504,100.408,holoocean,0.1,none,180.0,0.01587097905576229,0.0037053844425827265,0.01524372212588787,0.0,0.0,True,results/rl/final_benchmark/reliability_first_20260731/artifacts/rule_gate_center_then_commit__vertical_low_to_high__up_0p7m_straight__seed21217.trajectory.json,,
final_benchmark_episode_v1,bc_v3,bc,rl_multigate_controller,results/rl/multigate_longrun/bc_v3_balanced_v2_20260728/bc_v3.pt,True,False,vertical_low_to_high,up_0p7m_straight,vertical_low_to_high/up_0p7m_straight,results/rl/final_benchmark/reliability_first_20260731/generated_tracks/vertical_low_to_high__up_0p7m_straight.json,False,,27016,holdout,FINISHED,FINISHED,True,2,2,True,10.9,10.9,0.0,5.45,0,0,0,False,0,0,False,0,False,0,0,False,0,0,False,10.2343,208,72.2528,97.153,holoocean,0.1,none,180.0,0.017689283937215805,0.009659349918365479,0.020274966955184937,0.0,0.0,True,results/rl/final_benchmark/reliability_first_20260731/artifacts/bc_v3__vertical_low_to_high__up_0p7m_straight__seed27016.trajectory.json,,
final_benchmark_episode_v1,hybrid,hybrid,hybrid_gate_controller,results/rl_public/stage1/bc/model/best_model.pt,False,True,vertical_low_to_high,up_0p7m_straight,vertical_low_to_high/up_0p7m_straight,results/rl/final_benchmark/reliability_first_20260731/generated_tracks/vertical_low_to_high__up_0p7m_straight.json,False,,27016,holdout,FINISHED,FINISHED,True,2,2,True,15.7,15.7,0.0,7.85,0,0,0,False,0,0,False,0,False,0,0,False,0,,False,10.951,272,83.8516,135.121,holoocean,0.1,none,180.0,0.019493818283081055,0.0068217553198337555,0.023380205035209656,0.0,0.0,True,results/rl/final_benchmark/reliability_first_20260731/artifacts/hybrid__vertical_low_to_high__up_0p7m_straight__seed27016.trajectory.json,,
final_benchmark_episode_v1,ppo_1000814,ppo,rl_multigate_controller,results\rl\multigate_reliability_first\r2_reliability_first_seed23001_c3_recovery_476525\checkpoints\ppo_1000814_steps.zip,True,False,vertical_low_to_high,up_0p7m_straight,vertical_low_to_high/up_0p7m_straight,results/rl/final_benchmark/reliability_first_20260731/generated_tracks/vertical_low_to_high__up_0p7m_straight.json,False,,27016,holdout,FINISHED,FINISHED,True,2,2,True,14.7,14.7,0.0,7.35,0,0,0,False,0,0,False,0,False,0,0,False,0,1,False,14.0163,283,57.9649,142.175,holoocean,0.1,none,180.0,0.0359216183423996,0.0446789413690567,0.04808669909834862,0.0,0.0,True,results/rl/final_benchmark/reliability_first_20260731/artifacts/ppo_1000814__vertical_low_to_high__up_0p7m_straight__seed27016.trajectory.json,,
final_benchmark_episode_v1,ppo_525678,ppo,rl_multigate_controller,results\rl\multigate_reliability_first\r2_reliability_first_seed23001_c3_recovery_476525\checkpoints\ppo_525678_steps.zip,True,False,vertical_low_to_high,up_0p7m_straight,vertical_low_to_high/up_0p7m_straight,results/rl/final_benchmark/reliability_first_20260731/generated_tracks/vertical_low_to_high__up_0p7m_straight.json,False,,27016,holdout,FINISHED,FINISHED,True,2,2,True,9.0,9.0,0.0,4.5,0,0,0,False,0,0,False,0,False,0,0,False,0,1,False,13.0079,222,58.0608,139.029,holoocean,0.1,none,180.0,0.03188518062233925,0.04517633467912674,0.04785596951842308,0.0,0.0,True,results/rl/final_benchmark/reliability_first_20260731/artifacts/ppo_525678__vertical_low_to_high__up_0p7m_straight__seed27016.trajectory.json,,
final_benchmark_episode_v1,ppo_900462,ppo,rl_multigate_controller,results\rl\multigate_reliability_first\r2_reliability_first_seed23001_c3_recovery_476525\checkpoints\ppo_900462_steps.zip,True,False,vertical_low_to_high,up_0p7m_straight,vertical_low_to_high/up_0p7m_straight,results/rl/final_benchmark/reliability_first_20260731/generated_tracks/vertical_low_to_high__up_0p7m_straight.json,False,,27016,holdout,FINISHED,FINISHED,True,2,2,True,8.7,8.7,0.0,4.35,0,0,0,False,0,0,False,0,False,0,0,False,0,1,False,12.3263,225,63.3526,132.244,holoocean,0.1,none,180.0,0.035020001232624054,0.04502854123711586,0.04690513759851456,0.0,0.0,True,results/rl/final_benchmark/reliability_first_20260731/artifacts/ppo_900462__vertical_low_to_high__up_0p7m_straight__seed27016.trajectory.json,,
final_benchmark_episode_v1,rule_gate_center_then_commit,rule,rule_gate_center_then_commit,,False,False,vertical_low_to_high,up_0p7m_straight,vertical_low_to_high/up_0p7m_straight,results/rl/final_benchmark/reliability_first_20260731/generated_tracks/vertical_low_to_high__up_0p7m_straight.json,False,,27016,holdout,FINISHED,FINISHED,True,2,2,True,10.0,10.0,0.0,5.0,0,0,0,False,0,0,False,0,False,0,0,False,0,,False,10.0984,195,26.8193,107.72,holoocean,0.1,none,180.0,0.01587097905576229,0.0037053844425827265,0.01524372212588787,0.0,0.0,True,results/rl/final_benchmark/reliability_first_20260731/artifacts/rule_gate_center_then_commit__vertical_low_to_high__up_0p7m_straight__seed27016.trajectory.json,,
final_benchmark_episode_v1,bc_v3,bc,rl_multigate_controller,results/rl/multigate_longrun/bc_v3_balanced_v2_20260728/bc_v3.pt,True,False,vertical_low_to_high,up_0p7m_straight,vertical_low_to_high/up_0p7m_straight,results/rl/final_benchmark/reliability_first_20260731/generated_tracks/vertical_low_to_high__up_0p7m_straight.json,False,,27017,holdout,FINISHED,FINISHED,True,2,2,True,10.9,10.9,0.0,5.45,0,0,0,False,0,0,False,0,False,0,0,False,0,0,False,10.3629,217,62.2762,117.465,holoocean,0.1,none,180.0,0.018996836617588997,0.013949394226074219,0.020771000534296036,0.0,0.0,True,results/rl/final_benchmark/reliability_first_20260731/artifacts/bc_v3__vertical_low_to_high__up_0p7m_straight__seed27017.trajectory.json,,
final_benchmark_episode_v1,hybrid,hybrid,hybrid_gate_controller,results/rl_public/stage1/bc/model/best_model.pt,False,True,vertical_low_to_high,up_0p7m_straight,vertical_low_to_high/up_0p7m_straight,results/rl/final_benchmark/reliability_first_20260731/generated_tracks/vertical_low_to_high__up_0p7m_straight.json,False,,27017,holdout,FINISHED,FINISHED,True,2,2,True,17.5,17.5,0.0,8.75,0,0,0,False,0,0,False,0,False,0,0,False,0,,False,11.0335,292,102.3236,139.158,holoocean,0.1,none,180.0,0.018457256257534027,0.0065981182269752026,0.024359174072742462,0.0,0.0,True,results/rl/final_benchmark/reliability_first_20260731/artifacts/hybrid__vertical_low_to_high__up_0p7m_straight__seed27017.trajectory.json,,
final_benchmark_episode_v1,ppo_1000814,ppo,rl_multigate_controller,results\rl\multigate_reliability_first\r2_reliability_first_seed23001_c3_recovery_476525\checkpoints\ppo_1000814_steps.zip,True,False,vertical_low_to_high,up_0p7m_straight,vertical_low_to_high/up_0p7m_straight,results/rl/final_benchmark/reliability_first_20260731/generated_tracks/vertical_low_to_high__up_0p7m_straight.json,False,,27017,holdout,FINISHED,FINISHED,True,2,2,True,8.2,8.2,0.0,4.1,0,0,0,False,0,0,False,0,False,0,0,False,0,1,False,10.701,178,57.6176,107.869,holoocean,0.1,none,180.0,0.03181977942585945,0.03762819617986679,0.045161835849285126,0.0,0.0,True,results/rl/final_benchmark/reliability_first_20260731/artifacts/ppo_1000814__vertical_low_to_high__up_0p7m_straight__seed27017.trajectory.json,,
final_benchmark_episode_v1,ppo_525678,ppo,rl_multigate_controller,results\rl\multigate_reliability_first\r2_reliability_first_seed23001_c3_recovery_476525\checkpoints\ppo_525678_steps.zip,True,False,vertical_low_to_high,up_0p7m_straight,vertical_low_to_high/up_0p7m_straight,results/rl/final_benchmark/reliability_first_20260731/generated_tracks/vertical_low_to_high__up_0p7m_straight.json,False,,27017,holdout,FINISHED,FINISHED,True,2,2,True,8.8,8.8,0.0,4.4,0,0,0,False,0,0,False,0,False,0,0,False,0,0,False,11.0754,154,54.643,91.09,holoocean,0.1,none,180.0,0.02863081358373165,0.025155706331133842,0.04398922622203827,0.0,0.0,True,results/rl/final_benchmark/reliability_first_20260731/artifacts/ppo_525678__vertical_low_to_high__up_0p7m_straight__seed27017.trajectory.json,,
final_benchmark_episode_v1,ppo_900462,ppo,rl_multigate_controller,results\rl\multigate_reliability_first\r2_reliability_first_seed23001_c3_recovery_476525\checkpoints\ppo_900462_steps.zip,True,False,vertical_low_to_high,up_0p7m_straight,vertical_low_to_high/up_0p7m_straight,results/rl/final_benchmark/reliability_first_20260731/generated_tracks/vertical_low_to_high__up_0p7m_straight.json,False,,27017,holdout,FINISHED,FINISHED,True,2,2,True,8.4,8.4,0.0,4.2,0,0,0,False,0,0,False,0,False,0,0,False,0,1,False,11.8408,225,60.3546,130.116,holoocean,0.1,none,180.0,0.03675684332847595,0.047357723116874695,0.045438554137945175,0.0,0.0,True,results/rl/final_benchmark/reliability_first_20260731/artifacts/ppo_900462__vertical_low_to_high__up_0p7m_straight__seed27017.trajectory.json,,
final_benchmark_episode_v1,rule_gate_center_then_commit,rule,rule_gate_center_then_commit,,False,False,vertical_low_to_high,up_0p7m_straight,vertical_low_to_high/up_0p7m_straight,results/rl/final_benchmark/reliability_first_20260731/generated_tracks/vertical_low_to_high__up_0p7m_straight.json,False,,27017,holdout,FINISHED,FINISHED,True,2,2,True,10.500000000000002,10.500000000000002,0.0,5.250000000000001,0,0,0,False,0,0,False,0,False,0,0,False,0,,False,10.3651,201,27.2896,104.357,holoocean,0.1,none,180.0,0.01599317602813244,0.0034754397347569466,0.011084306053817272,0.0,0.0,True,results/rl/final_benchmark/reliability_first_20260731/artifacts/rule_gate_center_then_commit__vertical_low_to_high__up_0p7m_straight__seed27017.trajectory.json,,
final_benchmark_episode_v1,bc_v3,bc,rl_multigate_controller,results/rl/multigate_longrun/bc_v3_balanced_v2_20260728/bc_v3.pt,True,False,vertical_low_to_high,up_1p2m_left15,vertical_low_to_high/up_1p2m_left15,results/rl/final_benchmark/reliability_first_20260731/generated_tracks/vertical_low_to_high__up_1p2m_left15.json,False,,21218,reused,FINISHED,FINISHED,True,2,2,True,39.599999999999994,39.599999999999994,0.0,19.799999999999997,0,0,0,False,0,0,False,0,False,0,0,False,0,2,False,18.8057,554,55.6741,248.422,holoocean,0.1,none,180.0,0.02293005958199501,0.032772086560726166,0.03494513779878616,0.0,0.0,True,results/rl/final_benchmark/reliability_first_20260731/artifacts/bc_v3__vertical_low_to_high__up_1p2m_left15__seed21218.trajectory.json,,
final_benchmark_episode_v1,hybrid,hybrid,hybrid_gate_controller,results/rl_public/stage1/bc/model/best_model.pt,False,True,vertical_low_to_high,up_1p2m_left15,vertical_low_to_high/up_1p2m_left15,results/rl/final_benchmark/reliability_first_20260731/generated_tracks/vertical_low_to_high__up_1p2m_left15.json,False,,21218,reused,FINISHED,FINISHED,True,2,2,True,28.400000000000002,28.400000000000002,0.0,14.200000000000001,0,0,0,False,0,0,False,0,False,0,0,False,0,,False,12.4105,373,94.4032,172.463,holoocean,0.1,none,180.0,0.012423953972756863,0.007711352780461311,0.0343792699277401,0.0,0.0,True,results/rl/final_benchmark/reliability_first_20260731/artifacts/hybrid__vertical_low_to_high__up_1p2m_left15__seed21218.trajectory.json,,
final_benchmark_episode_v1,ppo_1000814,ppo,rl_multigate_controller,results\rl\multigate_reliability_first\r2_reliability_first_seed23001_c3_recovery_476525\checkpoints\ppo_1000814_steps.zip,True,False,vertical_low_to_high,up_1p2m_left15,vertical_low_to_high/up_1p2m_left15,results/rl/final_benchmark/reliability_first_20260731/generated_tracks/vertical_low_to_high__up_1p2m_left15.json,False,,21218,reused,FINISHED,FINISHED,True,2,2,True,13.3,13.3,0.0,6.65,0,0,0,False,0,0,False,0,False,0,0,False,0,1,False,12.6042,269,58.8547,129.569,holoocean,0.1,none,180.0,0.03576718643307686,0.04535272344946861,0.0511605404317379,0.0,0.0,True,results/rl/final_benchmark/reliability_first_20260731/artifacts/ppo_1000814__vertical_low_to_high__up_1p2m_left15__seed21218.trajectory.json,,
final_benchmark_episode_v1,ppo_525678,ppo,rl_multigate_controller,results\rl\multigate_reliability_first\r2_reliability_first_seed23001_c3_recovery_476525\checkpoints\ppo_525678_steps.zip,True,False,vertical_low_to_high,up_1p2m_left15,vertical_low_to_high/up_1p2m_left15,results/rl/final_benchmark/reliability_first_20260731/generated_tracks/vertical_low_to_high__up_1p2m_left15.json,False,,21218,reused,FINISHED,FINISHED,True,2,2,True,10.0,10.0,0.0,5.0,0,0,0,False,0,0,False,0,False,0,0,False,0,1,False,12.6365,235,58.7394,123.634,holoocean,0.1,none,180.0,0.03859272226691246,0.049294065684080124,0.052903275936841965,0.0,0.0,True,results/rl/final_benchmark/reliability_first_20260731/artifacts/ppo_525678__vertical_low_to_high__up_1p2m_left15__seed21218.trajectory.json,,
final_benchmark_episode_v1,ppo_900462,ppo,rl_multigate_controller,results\rl\multigate_reliability_first\r2_reliability_first_seed23001_c3_recovery_476525\checkpoints\ppo_900462_steps.zip,True,False,vertical_low_to_high,up_1p2m_left15,vertical_low_to_high/up_1p2m_left15,results/rl/final_benchmark/reliability_first_20260731/generated_tracks/vertical_low_to_high__up_1p2m_left15.json,False,,21218,reused,FINISHED,FINISHED,True,2,2,True,14.8,14.8,0.0,7.4,0,0,0,False,0,0,False,0,False,0,0,False,0,1,False,12.8105,284,65.8543,163.18,holoocean,0.1,none,180.0,0.03535337746143341,0.039776016026735306,0.04792008548974991,0.0,0.0,True,results/rl/final_benchmark/reliability_first_20260731/artifacts/ppo_900462__vertical_low_to_high__up_1p2m_left15__seed21218.trajectory.json,,
final_benchmark_episode_v1,rule_gate_center_then_commit,rule,rule_gate_center_then_commit,,False,False,vertical_low_to_high,up_1p2m_left15,vertical_low_to_high/up_1p2m_left15,results/rl/final_benchmark/reliability_first_20260731/generated_tracks/vertical_low_to_high__up_1p2m_left15.json,False,,21218,reused,FINISHED,FINISHED,True,2,2,True,23.8,23.8,0.0,11.9,0,0,0,False,0,0,False,0,False,0,0,False,0,,False,12.3531,328,28.8827,154.258,holoocean,0.1,none,180.0,0.009823060594499111,0.0069049205631017685,0.0323832705616951,0.0,0.0,True,results/rl/final_benchmark/reliability_first_20260731/artifacts/rule_gate_center_then_commit__vertical_low_to_high__up_1p2m_left15__seed21218.trajectory.json,,
final_benchmark_episode_v1,bc_v3,bc,rl_multigate_controller,results/rl/multigate_longrun/bc_v3_balanced_v2_20260728/bc_v3.pt,True,False,vertical_low_to_high,up_1p2m_left15,vertical_low_to_high/up_1p2m_left15,results/rl/final_benchmark/reliability_first_20260731/generated_tracks/vertical_low_to_high__up_1p2m_left15.json,False,,21219,reused,FINISHED,FINISHED,True,2,2,True,20.3,20.3,0.0,10.15,0,0,1,False,0,0,False,0,False,0,0,False,0,1,False,12.4585,357,54.7324,165.886,holoocean,0.1,none,180.0,0.017836349084973335,0.02332237735390663,0.029697692021727562,0.0,0.0,True,results/rl/final_benchmark/reliability_first_20260731/artifacts/bc_v3__vertical_low_to_high__up_1p2m_left15__seed21219.trajectory.json,,
final_benchmark_episode_v1,hybrid,hybrid,hybrid_gate_controller,results/rl_public/stage1/bc/model/best_model.pt,False,True,vertical_low_to_high,up_1p2m_left15,vertical_low_to_high/up_1p2m_left15,results/rl/final_benchmark/reliability_first_20260731/generated_tracks/vertical_low_to_high__up_1p2m_left15.json,False,,21219,reused,FINISHED,FINISHED,True,2,2,True,18.799999999999997,18.799999999999997,0.0,9.399999999999999,0,0,0,False,0,0,False,0,False,0,0,False,0,,False,11.8007,277,85.0194,137.0,holoocean,0.1,none,180.0,0.009836900979280472,0.006196155678480864,0.024172868579626083,0.0,0.0,True,results/rl/final_benchmark/reliability_first_20260731/artifacts/hybrid__vertical_low_to_high__up_1p2m_left15__seed21219.trajectory.json,,
final_benchmark_episode_v1,ppo_1000814,ppo,rl_multigate_controller,results\rl\multigate_reliability_first\r2_reliability_first_seed23001_c3_recovery_476525\checkpoints\ppo_1000814_steps.zip,True,False,vertical_low_to_high,up_1p2m_left15,vertical_low_to_high/up_1p2m_left15,results/rl/final_benchmark/reliability_first_20260731/generated_tracks/vertical_low_to_high__up_1p2m_left15.json,False,,21219,reused,FINISHED,FINISHED,True,2,2,True,10.4,10.4,0.0,5.2,0,0,0,False,0,0,False,0,False,0,0,False,0,1,False,12.856,240,62.111,126.32,holoocean,0.1,none,180.0,0.034755222499370575,0.044873014092445374,0.05038541555404663,0.0,0.0,True,results/rl/final_benchmark/reliability_first_20260731/artifacts/ppo_1000814__vertical_low_to_high__up_1p2m_left15__seed21219.trajectory.json,,
final_benchmark_episode_v1,ppo_525678,ppo,rl_multigate_controller,results\rl\multigate_reliability_first\r2_reliability_first_seed23001_c3_recovery_476525\checkpoints\ppo_525678_steps.zip,True,False,vertical_low_to_high,up_1p2m_left15,vertical_low_to_high/up_1p2m_left15,results/rl/final_benchmark/reliability_first_20260731/generated_tracks/vertical_low_to_high__up_1p2m_left15.json,False,,21219,reused,FINISHED,FINISHED,True,2,2,True,16.4,16.4,0.0,8.2,0,0,0,False,0,0,False,0,False,0,0,False,0,1,False,13.5931,296,59.7278,163.037,holoocean,0.1,none,180.0,0.034974608570337296,0.04362601041793823,0.05393696948885918,0.0,0.0,True,results/rl/final_benchmark/reliability_first_20260731/artifacts/ppo_525678__vertical_low_to_high__up_1p2m_left15__seed21219.trajectory.json,,
final_benchmark_episode_v1,ppo_900462,ppo,rl_multigate_controller,results\rl\multigate_reliability_first\r2_reliability_first_seed23001_c3_recovery_476525\checkpoints\ppo_900462_steps.zip,True,False,vertical_low_to_high,up_1p2m_left15,vertical_low_to_high/up_1p2m_left15,results/rl/final_benchmark/reliability_first_20260731/generated_tracks/vertical_low_to_high__up_1p2m_left15.json,False,,21219,reused,FINISHED,FINISHED,True,2,2,True,12.7,12.7,0.0,6.35,0,0,0,False,0,0,False,0,False,0,0,False,0,1,False,12.8126,263,66.7044,159.68,holoocean,0.1,none,180.0,0.03563663363456726,0.041626811027526855,0.049208566546440125,0.009174311926605505,0.0,True,results/rl/final_benchmark/reliability_first_20260731/artifacts/ppo_900462__vertical_low_to_high__up_1p2m_left15__seed21219.trajectory.json,,
final_benchmark_episode_v1,rule_gate_center_then_commit,rule,rule_gate_center_then_commit,,False,False,vertical_low_to_high,up_1p2m_left15,vertical_low_to_high/up_1p2m_left15,results/rl/final_benchmark/reliability_first_20260731/generated_tracks/vertical_low_to_high__up_1p2m_left15.json,False,,21219,reused,FINISHED,FINISHED,True,2,2,True,31.0,31.0,0.0,15.5,0,0,0,False,0,0,False,0,False,0,0,False,0,,False,14.1676,400,29.1761,183.07,holoocean,0.1,none,180.0,0.014687356539070606,0.009825367480516434,0.036983758211135864,0.0,0.0,True,results/rl/final_benchmark/reliability_first_20260731/artifacts/rule_gate_center_then_commit__vertical_low_to_high__up_1p2m_left15__seed21219.trajectory.json,,
final_benchmark_episode_v1,bc_v3,bc,rl_multigate_controller,results/rl/multigate_longrun/bc_v3_balanced_v2_20260728/bc_v3.pt,True,False,vertical_low_to_high,up_1p2m_left15,vertical_low_to_high/up_1p2m_left15,results/rl/final_benchmark/reliability_first_20260731/generated_tracks/vertical_low_to_high__up_1p2m_left15.json,False,,27018,holdout,FINISHED,FINISHED,True,2,2,True,23.6,23.6,0.0,11.8,0,0,0,False,0,0,False,0,False,0,0,False,0,1,False,13.2324,394,54.0724,164.605,holoocean,0.1,none,180.0,0.020015757530927658,0.02554420568048954,0.030815085396170616,0.0,0.0,True,results/rl/final_benchmark/reliability_first_20260731/artifacts/bc_v3__vertical_low_to_high__up_1p2m_left15__seed27018.trajectory.json,,
final_benchmark_episode_v1,hybrid,hybrid,hybrid_gate_controller,results/rl_public/stage1/bc/model/best_model.pt,False,True,vertical_low_to_high,up_1p2m_left15,vertical_low_to_high/up_1p2m_left15,results/rl/final_benchmark/reliability_first_20260731/generated_tracks/vertical_low_to_high__up_1p2m_left15.json,False,,27018,holdout,FINISHED,FINISHED,True,2,2,True,35.5,35.5,0.0,17.75,0,0,0,False,0,0,False,0,False,0,0,False,0,,False,13.2866,444,89.5281,200.443,holoocean,0.1,none,180.0,0.014695921912789345,0.0073228864930570126,0.03520388901233673,0.0,0.0,True,results/rl/final_benchmark/reliability_first_20260731/artifacts/hybrid__vertical_low_to_high__up_1p2m_left15__seed27018.trajectory.json,,
final_benchmark_episode_v1,ppo_1000814,ppo,rl_multigate_controller,results\rl\multigate_reliability_first\r2_reliability_first_seed23001_c3_recovery_476525\checkpoints\ppo_1000814_steps.zip,True,False,vertical_low_to_high,up_1p2m_left15,vertical_low_to_high/up_1p2m_left15,results/rl/final_benchmark/reliability_first_20260731/generated_tracks/vertical_low_to_high__up_1p2m_left15.json,False,,27018,holdout,FINISHED,FINISHED,True,2,2,True,13.2,13.2,0.0,6.6,0,0,0,False,0,0,False,0,False,0,0,False,0,1,False,12.6038,268,56.4128,129.237,holoocean,0.1,none,180.0,0.037763290107250214,0.04576948285102844,0.04958759993314743,0.0,0.0,True,results/rl/final_benchmark/reliability_first_20260731/artifacts/ppo_1000814__vertical_low_to_high__up_1p2m_left15__seed27018.trajectory.json,,
final_benchmark_episode_v1,ppo_525678,ppo,rl_multigate_controller,results\rl\multigate_reliability_first\r2_reliability_first_seed23001_c3_recovery_476525\checkpoints\ppo_525678_steps.zip,True,False,vertical_low_to_high,up_1p2m_left15,vertical_low_to_high/up_1p2m_left15,results/rl/final_benchmark/reliability_first_20260731/generated_tracks/vertical_low_to_high__up_1p2m_left15.json,False,,27018,holdout,FINISHED,FINISHED,True,2,2,True,14.4,14.4,0.0,7.2,0,0,0,False,0,0,False,0,False,0,0,False,0,1,False,12.9609,279,58.7155,129.066,holoocean,0.1,none,180.0,0.03544825688004494,0.04384414106607437,0.0508640818297863,0.0,0.0,True,results/rl/final_benchmark/reliability_first_20260731/artifacts/ppo_525678__vertical_low_to_high__up_1p2m_left15__seed27018.trajectory.json,,
final_benchmark_episode_v1,ppo_900462,ppo,rl_multigate_controller,results\rl\multigate_reliability_first\r2_reliability_first_seed23001_c3_recovery_476525\checkpoints\ppo_900462_steps.zip,True,False,vertical_low_to_high,up_1p2m_left15,vertical_low_to_high/up_1p2m_left15,results/rl/final_benchmark/reliability_first_20260731/generated_tracks/vertical_low_to_high__up_1p2m_left15.json,False,,27018,holdout,FINISHED,FINISHED,True,2,2,True,11.799999999999999,11.799999999999999,0.0,5.8999999999999995,0,0,0,False,0,0,False,0,False,0,0,False,0,1,False,12.7254,260,61.2389,147.79,holoocean,0.1,none,180.0,0.03553394973278046,0.04315190762281418,0.05012892559170723,0.0,0.0,True,results/rl/final_benchmark/reliability_first_20260731/artifacts/ppo_900462__vertical_low_to_high__up_1p2m_left15__seed27018.trajectory.json,,
final_benchmark_episode_v1,rule_gate_center_then_commit,rule,rule_gate_center_then_commit,,False,False,vertical_low_to_high,up_1p2m_left15,vertical_low_to_high/up_1p2m_left15,results/rl/final_benchmark/reliability_first_20260731/generated_tracks/vertical_low_to_high__up_1p2m_left15.json,False,,27018,holdout,FINISHED,FINISHED,True,2,2,True,22.2,22.2,0.0,11.1,0,0,0,False,0,0,False,0,False,0,0,False,0,,False,11.8544,312,28.6177,147.067,holoocean,0.1,none,180.0,0.010271308943629265,0.006995248608291149,0.03693410009145737,0.0,0.0,True,results/rl/final_benchmark/reliability_first_20260731/artifacts/rule_gate_center_then_commit__vertical_low_to_high__up_1p2m_left15__seed27018.trajectory.json,,
final_benchmark_episode_v1,bc_v3,bc,rl_multigate_controller,results/rl/multigate_longrun/bc_v3_balanced_v2_20260728/bc_v3.pt,True,False,vertical_low_to_high,up_1p2m_left15,vertical_low_to_high/up_1p2m_left15,results/rl/final_benchmark/reliability_first_20260731/generated_tracks/vertical_low_to_high__up_1p2m_left15.json,False,,27019,holdout,FINISHED,FINISHED,True,2,2,True,17.9,17.9,0.0,8.95,0,0,0,False,0,0,False,0,False,0,0,False,0,1,False,12.3441,334,54.5702,176.741,holoocean,0.1,none,180.0,0.02178732305765152,0.023286577314138412,0.03194814547896385,0.0,0.0,True,results/rl/final_benchmark/reliability_first_20260731/artifacts/bc_v3__vertical_low_to_high__up_1p2m_left15__seed27019.trajectory.json,,
final_benchmark_episode_v1,hybrid,hybrid,hybrid_gate_controller,results/rl_public/stage1/bc/model/best_model.pt,False,True,vertical_low_to_high,up_1p2m_left15,vertical_low_to_high/up_1p2m_left15,results/rl/final_benchmark/reliability_first_20260731/generated_tracks/vertical_low_to_high__up_1p2m_left15.json,False,,27019,holdout,FINISHED,FINISHED,True,2,2,True,102.7,257.7,155.0,51.35,31,0,288,True,0,0,False,0,False,0,0,True,0,,False,18.7803,1181,95.6962,436.495,holoocean,0.1,none,180.0,0.021792802959680557,0.017752880230545998,0.03195292502641678,0.0,0.0,True,results/rl/final_benchmark/reliability_first_20260731/artifacts/hybrid__vertical_low_to_high__up_1p2m_left15__seed27019.trajectory.json,,
final_benchmark_episode_v1,ppo_1000814,ppo,rl_multigate_controller,results\rl\multigate_reliability_first\r2_reliability_first_seed23001_c3_recovery_476525\checkpoints\ppo_1000814_steps.zip,True,False,vertical_low_to_high,up_1p2m_left15,vertical_low_to_high/up_1p2m_left15,results/rl/final_benchmark/reliability_first_20260731/generated_tracks/vertical_low_to_high__up_1p2m_left15.json,False,,27019,holdout,FINISHED,FINISHED,True,2,2,True,10.600000000000001,10.600000000000001,0.0,5.300000000000001,0,0,0,False,0,0,False,0,False,0,0,False,0,1,False,12.5213,240,53.1807,119.011,holoocean,0.1,none,180.0,0.03456767648458481,0.04616963863372803,0.04699426889419556,0.0,0.0,True,results/rl/final_benchmark/reliability_first_20260731/artifacts/ppo_1000814__vertical_low_to_high__up_1p2m_left15__seed27019.trajectory.json,,
final_benchmark_episode_v1,ppo_525678,ppo,rl_multigate_controller,results\rl\multigate_reliability_first\r2_reliability_first_seed23001_c3_recovery_476525\checkpoints\ppo_525678_steps.zip,True,False,vertical_low_to_high,up_1p2m_left15,vertical_low_to_high/up_1p2m_left15,results/rl/final_benchmark/reliability_first_20260731/generated_tracks/vertical_low_to_high__up_1p2m_left15.json,False,,27019,holdout,FINISHED,FINISHED,True,2,2,True,9.799999999999999,9.799999999999999,0.0,4.8999999999999995,0,0,0,False,0,0,False,0,False,0,0,False,0,1,False,12.7769,233,61.2594,101.871,holoocean,0.1,none,180.0,0.04004325717687607,0.04793159291148186,0.0531860888004303,0.0,0.0,True,results/rl/final_benchmark/reliability_first_20260731/artifacts/ppo_525678__vertical_low_to_high__up_1p2m_left15__seed27019.trajectory.json,,
final_benchmark_episode_v1,ppo_900462,ppo,rl_multigate_controller,results\rl\multigate_reliability_first\r2_reliability_first_seed23001_c3_recovery_476525\checkpoints\ppo_900462_steps.zip,True,False,vertical_low_to_high,up_1p2m_left15,vertical_low_to_high/up_1p2m_left15,results/rl/final_benchmark/reliability_first_20260731/generated_tracks/vertical_low_to_high__up_1p2m_left15.json,False,,27019,holdout,FINISHED,FINISHED,True,2,2,True,15.600000000000001,15.600000000000001,0.0,7.800000000000001,0,0,0,False,0,0,False,0,False,0,0,False,0,1,False,13.3146,292,72.1053,136.412,holoocean,0.1,none,180.0,0.03613318130373955,0.04191954433917999,0.0534762442111969,0.0,0.0,True,results/rl/final_benchmark/reliability_first_20260731/artifacts/ppo_900462__vertical_low_to_high__up_1p2m_left15__seed27019.trajectory.json,,
final_benchmark_episode_v1,rule_gate_center_then_commit,rule,rule_gate_center_then_commit,,False,False,vertical_low_to_high,up_1p2m_left15,vertical_low_to_high/up_1p2m_left15,results/rl/final_benchmark/reliability_first_20260731/generated_tracks/vertical_low_to_high__up_1p2m_left15.json,False,,27019,holdout,FINISHED,FINISHED,True,2,2,True,23.8,23.8,0.0,11.9,0,0,0,False,0,0,False,0,False,0,0,False,0,,False,12.3531,328,26.7948,153.797,holoocean,0.1,none,180.0,0.009823060594499111,0.0069049205631017685,0.0323832705616951,0.0,0.0,True,results/rl/final_benchmark/reliability_first_20260731/artifacts/rule_gate_center_then_commit__vertical_low_to_high__up_1p2m_left15__seed27019.trajectory.json,,
final_benchmark_episode_v1,bc_v3,bc,rl_multigate_controller,results/rl/multigate_longrun/bc_v3_balanced_v2_20260728/bc_v3.pt,True,False,official_horseshoe_bay,horseshoe_bay,official_horseshoe_bay/horseshoe_bay,marine_race_arena/tracks/marine_race_horseshoe_bay.json,True,,1800,reused,DNF,REFEREE_TERMINAL,False,0,12,False,,,0.0,,0,0,0,False,0,0,False,0,False,1,0,False,0,2,False,25.7426,1050,55.0329,424.307,holoocean,0.1,none,500.0,0.030488792806863785,0.026135507971048355,0.04254603013396263,0.0,0.0,True,results/rl/final_benchmark/reliability_first_20260731/artifacts/bc_v3__official_horseshoe_bay__horseshoe_bay__seed1800.trajectory.json,results/rl/final_benchmark/reliability_first_20260731/artifacts/bc_v3__official_horseshoe_bay__horseshoe_bay__seed1800.mp4,210
final_benchmark_episode_v1,hybrid,hybrid,hybrid_gate_controller,results/rl_public/stage1/bc/model/best_model.pt,False,True,official_horseshoe_bay,horseshoe_bay,official_horseshoe_bay/horseshoe_bay,marine_race_arena/tracks/marine_race_horseshoe_bay.json,True,,1800,reused,FINISHED,FINISHED,True,12,12,True,231.0,231.0,0.0,19.25,0,0,0,False,0,0,False,0,False,0,0,False,0,,False,100.1922,2416,89.0917,928.9,holoocean,0.1,none,500.0,0.014947702176868916,0.01240038126707077,0.03097502328455448,0.0,0.0,True,results/rl/final_benchmark/reliability_first_20260731/artifacts/hybrid__official_horseshoe_bay__horseshoe_bay__seed1800.trajectory.json,results/rl/final_benchmark/reliability_first_20260731/artifacts/hybrid__official_horseshoe_bay__horseshoe_bay__seed1800.mp4,484
final_benchmark_episode_v1,ppo_1000814,ppo,rl_multigate_controller,results\rl\multigate_reliability_first\r2_reliability_first_seed23001_c3_recovery_476525\checkpoints\ppo_1000814_steps.zip,True,False,official_horseshoe_bay,horseshoe_bay,official_horseshoe_bay/horseshoe_bay,marine_race_arena/tracks/marine_race_horseshoe_bay.json,True,,1800,reused,FINISHED,FINISHED,True,12,12,True,164.8,164.8,0.0,13.733333333333334,0,0,0,False,0,0,False,0,False,0,0,False,0,0,False,106.6423,1736,56.8401,597.505,holoocean,0.1,none,500.0,0.02553243190050125,0.022497301921248436,0.0519949235022068,0.0,0.0,True,results/rl/final_benchmark/reliability_first_20260731/artifacts/ppo_1000814__official_horseshoe_bay__horseshoe_bay__seed1800.trajectory.json,results/rl/final_benchmark/reliability_first_20260731/artifacts/ppo_1000814__official_horseshoe_bay__horseshoe_bay__seed1800.mp4,348
final_benchmark_episode_v1,ppo_525678,ppo,rl_multigate_controller,results\rl\multigate_reliability_first\r2_reliability_first_seed23001_c3_recovery_476525\checkpoints\ppo_525678_steps.zip,True,False,official_horseshoe_bay,horseshoe_bay,official_horseshoe_bay/horseshoe_bay,marine_race_arena/tracks/marine_race_horseshoe_bay.json,True,,1800,reused,FINISHED,FINISHED,True,12,12,True,169.29999999999998,259.29999999999995,90.0,14.108333333333333,0,0,0,False,9,90,True,0,False,0,0,True,0,4,False,117.0846,1773,59.2058,721.418,holoocean,0.1,none,500.0,0.02408614568412304,0.02824321575462818,0.057075466960668564,0.01597444089456869,0.0,True,results/rl/final_benchmark/reliability_first_20260731/artifacts/ppo_525678__official_horseshoe_bay__horseshoe_bay__seed1800.trajectory.json,results/rl/final_benchmark/reliability_first_20260731/artifacts/ppo_525678__official_horseshoe_bay__horseshoe_bay__seed1800.mp4,355
final_benchmark_episode_v1,ppo_900462,ppo,rl_multigate_controller,results\rl\multigate_reliability_first\r2_reliability_first_seed23001_c3_recovery_476525\checkpoints\ppo_900462_steps.zip,True,False,official_horseshoe_bay,horseshoe_bay,official_horseshoe_bay/horseshoe_bay,marine_race_arena/tracks/marine_race_horseshoe_bay.json,True,,1800,reused,FINISHED,FINISHED,True,12,12,True,176.5,176.5,0.0,14.708333333333334,0,0,0,False,0,0,False,0,False,0,0,False,0,0,False,102.6495,1855,66.5229,655.739,holoocean,0.1,none,500.0,0.02389991469681263,0.01802128367125988,0.04484187811613083,0.0,0.0,True,results/rl/final_benchmark/reliability_first_20260731/artifacts/ppo_900462__official_horseshoe_bay__horseshoe_bay__seed1800.trajectory.json,results/rl/final_benchmark/reliability_first_20260731/artifacts/ppo_900462__official_horseshoe_bay__horseshoe_bay__seed1800.mp4,371
final_benchmark_episode_v1,rule_gate_center_then_commit,rule,rule_gate_center_then_commit,,False,False,official_horseshoe_bay,horseshoe_bay,official_horseshoe_bay/horseshoe_bay,marine_race_arena/tracks/marine_race_horseshoe_bay.json,True,,1800,reused,FINISHED,FINISHED,True,12,12,True,214.70000000000002,214.70000000000002,0.0,17.89166666666667,0,0,0,False,0,0,False,0,False,0,0,False,0,,False,99.1892,2237,30.1076,900.665,holoocean,0.1,none,500.0,0.011276965960860252,0.013477366417646408,0.026601094752550125,0.0,0.0,True,results/rl/final_benchmark/reliability_first_20260731/artifacts/rule_gate_center_then_commit__official_horseshoe_bay__horseshoe_bay__seed1800.trajectory.json,results/rl/final_benchmark/reliability_first_20260731/artifacts/rule_gate_center_then_commit__official_horseshoe_bay__horseshoe_bay__seed1800.mp4,448
final_benchmark_episode_v1,bc_v3,bc,rl_multigate_controller,results/rl/multigate_longrun/bc_v3_balanced_v2_20260728/bc_v3.pt,True,False,official_horseshoe_bay,horseshoe_bay,official_horseshoe_bay/horseshoe_bay,marine_race_arena/tracks/marine_race_horseshoe_bay.json,True,,1801,reused,RUNNING,TIME_LIMIT,False,8,12,False,,,0.0,,0,0,0,False,0,0,False,0,False,0,0,False,0,7,True,129.2531,5001,56.9207,1885.856,holoocean,0.1,none,500.0,0.029855530709028244,0.02456641010940075,0.04085322842001915,0.0,0.0,True,results/rl/final_benchmark/reliability_first_20260731/artifacts/bc_v3__official_horseshoe_bay__horseshoe_bay__seed1801.trajectory.json,,
final_benchmark_episode_v1,hybrid,hybrid,hybrid_gate_controller,results/rl_public/stage1/bc/model/best_model.pt,False,True,official_horseshoe_bay,horseshoe_bay,official_horseshoe_bay/horseshoe_bay,marine_race_arena/tracks/marine_race_horseshoe_bay.json,True,,1801,reused,FINISHED,FINISHED,True,12,12,True,240.8,240.8,0.0,20.066666666666666,0,0,0,False,0,0,False,0,False,0,0,False,0,,False,101.1717,2503,92.8257,965.127,holoocean,0.1,none,500.0,0.014903823845088482,0.013415008783340454,0.03094269335269928,0.0,0.0,True,results/rl/final_benchmark/reliability_first_20260731/artifacts/hybrid__official_horseshoe_bay__horseshoe_bay__seed1801.trajectory.json,,
final_benchmark_episode_v1,ppo_1000814,ppo,rl_multigate_controller,results\rl\multigate_reliability_first\r2_reliability_first_seed23001_c3_recovery_476525\checkpoints\ppo_1000814_steps.zip,True,False,official_horseshoe_bay,horseshoe_bay,official_horseshoe_bay/horseshoe_bay,marine_race_arena/tracks/marine_race_horseshoe_bay.json,True,,1801,reused,DNF,REFEREE_TERMINAL,False,5,12,False,,,330.0,,0,0,0,False,33,327,True,0,False,1,0,True,0,2,False,76.2248,1287,57.9595,492.9,holoocean,0.1,none,500.0,0.0389447920024395,0.022233104333281517,0.059351515024900436,0.0,0.0,True,results/rl/final_benchmark/reliability_first_20260731/artifacts/ppo_1000814__official_horseshoe_bay__horseshoe_bay__seed1801.trajectory.json,,
final_benchmark_episode_v1,ppo_525678,ppo,rl_multigate_controller,results\rl\multigate_reliability_first\r2_reliability_first_seed23001_c3_recovery_476525\checkpoints\ppo_525678_steps.zip,True,False,official_horseshoe_bay,horseshoe_bay,official_horseshoe_bay/horseshoe_bay,marine_race_arena/tracks/marine_race_horseshoe_bay.json,True,,1801,reused,RUNNING,TIME_LIMIT,False,3,12,False,,,2340.0,,465,0,4646,True,0,0,False,0,False,0,1,True,0,1,True,21.9163,5001,58.966,1729.538,holoocean,0.1,none,500.0,0.01692957617342472,0.05975736677646637,0.027218224480748177,0.0,0.0,True,results/rl/final_benchmark/reliability_first_20260731/artifacts/ppo_525678__official_horseshoe_bay__horseshoe_bay__seed1801.trajectory.json,,
final_benchmark_episode_v1,ppo_900462,ppo,rl_multigate_controller,results\rl\multigate_reliability_first\r2_reliability_first_seed23001_c3_recovery_476525\checkpoints\ppo_900462_steps.zip,True,False,official_horseshoe_bay,horseshoe_bay,official_horseshoe_bay/horseshoe_bay,marine_race_arena/tracks/marine_race_horseshoe_bay.json,True,,1801,reused,FINISHED,FINISHED,True,12,12,True,191.3,191.3,0.0,15.941666666666668,0,0,0,False,0,0,False,0,False,0,0,False,0,1,False,105.8621,2010,60.3642,698.387,holoocean,0.1,none,500.0,0.02453991398215294,0.02017885260283947,0.044838257133960724,0.0,0.0,True,results/rl/final_benchmark/reliability_first_20260731/artifacts/ppo_900462__official_horseshoe_bay__horseshoe_bay__seed1801.trajectory.json,,
final_benchmark_episode_v1,rule_gate_center_then_commit,rule,rule_gate_center_then_commit,,False,False,official_horseshoe_bay,horseshoe_bay,official_horseshoe_bay/horseshoe_bay,marine_race_arena/tracks/marine_race_horseshoe_bay.json,True,,1801,reused,FINISHED,FINISHED,True,12,12,True,217.4,217.4,0.0,18.116666666666667,0,0,0,False,0,0,False,0,False,0,0,False,0,,False,100.1078,2309,28.5775,888.726,holoocean,0.1,none,500.0,0.014057477936148643,0.012516004964709282,0.031025277450680733,0.0,0.0,True,results/rl/final_benchmark/reliability_first_20260731/artifacts/rule_gate_center_then_commit__official_horseshoe_bay__horseshoe_bay__seed1801.trajectory.json,,
final_benchmark_episode_v1,bc_v3,bc,rl_multigate_controller,results/rl/multigate_longrun/bc_v3_balanced_v2_20260728/bc_v3.pt,True,False,official_horseshoe_bay,horseshoe_bay,official_horseshoe_bay/horseshoe_bay,marine_race_arena/tracks/marine_race_horseshoe_bay.json,True,,27032,holdout,RUNNING,TIME_LIMIT,False,8,12,False,,,205.0,,1,0,1,True,20,195,True,0,False,0,0,True,0,10,True,138.3667,5001,56.6806,1924.946,holoocean,0.1,none,500.0,0.028005171567201614,0.026333605870604515,0.04304344207048416,0.0048216007714561235,0.0,True,results/rl/final_benchmark/reliability_first_20260731/artifacts/bc_v3__official_horseshoe_bay__horseshoe_bay__seed27032.trajectory.json,,
final_benchmark_episode_v1,hybrid,hybrid,hybrid_gate_controller,results/rl_public/stage1/bc/model/best_model.pt,False,True,official_horseshoe_bay,horseshoe_bay,official_horseshoe_bay/horseshoe_bay,marine_race_arena/tracks/marine_race_horseshoe_bay.json,True,,27032,holdout,FINISHED,FINISHED,True,12,12,True,208.1,208.1,0.0,17.341666666666665,0,0,0,False,0,0,False,0,False,0,0,False,0,,False,99.7299,2198,89.1736,852.581,holoocean,0.1,none,500.0,0.01393838133662939,0.01129717007279396,0.0291164331138134,0.0,0.0,True,results/rl/final_benchmark/reliability_first_20260731/artifacts/hybrid__official_horseshoe_bay__horseshoe_bay__seed27032.trajectory.json,,
final_benchmark_episode_v1,ppo_1000814,ppo,rl_multigate_controller,results\rl\multigate_reliability_first\r2_reliability_first_seed23001_c3_recovery_476525\checkpoints\ppo_1000814_steps.zip,True,False,official_horseshoe_bay,horseshoe_bay,official_horseshoe_bay/horseshoe_bay,marine_race_arena/tracks/marine_race_horseshoe_bay.json,True,,27032,holdout,FINISHED,FINISHED,True,12,12,True,159.20000000000002,164.20000000000002,5.0,13.266666666666667,1,0,3,True,0,0,False,0,False,0,0,True,0,1,False,106.184,1686,57.4606,640.509,holoocean,0.1,none,500.0,0.026641251519322395,0.02198047935962677,0.05049632117152214,0.0,0.0,True,results/rl/final_benchmark/reliability_first_20260731/artifacts/ppo_1000814__official_horseshoe_bay__horseshoe_bay__seed27032.trajectory.json,,
final_benchmark_episode_v1,ppo_525678,ppo,rl_multigate_controller,results\rl\multigate_reliability_first\r2_reliability_first_seed23001_c3_recovery_476525\checkpoints\ppo_525678_steps.zip,True,False,official_horseshoe_bay,horseshoe_bay,official_horseshoe_bay/horseshoe_bay,marine_race_arena/tracks/marine_race_horseshoe_bay.json,True,,27032,holdout,FINISHED,FINISHED,True,12,12,True,158.4,158.4,0.0,13.200000000000001,0,0,0,False,0,0,False,0,False,0,0,False,0,1,False,113.2124,1664,59.0611,648.235,holoocean,0.1,none,500.0,0.0268802959471941,0.024616409093141556,0.055876102298498154,0.0036101083032490976,0.0,True,results/rl/final_benchmark/reliability_first_20260731/artifacts/ppo_525678__official_horseshoe_bay__horseshoe_bay__seed27032.trajectory.json,,
final_benchmark_episode_v1,ppo_900462,ppo,rl_multigate_controller,results\rl\multigate_reliability_first\r2_reliability_first_seed23001_c3_recovery_476525\checkpoints\ppo_900462_steps.zip,True,False,official_horseshoe_bay,horseshoe_bay,official_horseshoe_bay/horseshoe_bay,marine_race_arena/tracks/marine_race_horseshoe_bay.json,True,,27032,holdout,FINISHED,FINISHED,True,12,12,True,144.3,144.3,0.0,12.025,0,0,0,False,0,0,False,0,False,0,0,False,0,1,False,100.7446,1512,58.8437,646.978,holoocean,0.1,none,500.0,0.027504025027155876,0.0164024718105793,0.032721564173698425,0.0,0.0,True,results/rl/final_benchmark/reliability_first_20260731/artifacts/ppo_900462__official_horseshoe_bay__horseshoe_bay__seed27032.trajectory.json,,
final_benchmark_episode_v1,rule_gate_center_then_commit,rule,rule_gate_center_then_commit,,False,False,official_horseshoe_bay,horseshoe_bay,official_horseshoe_bay/horseshoe_bay,marine_race_arena/tracks/marine_race_horseshoe_bay.json,True,,27032,holdout,FINISHED,FINISHED,True,12,12,True,210.0,210.0,0.0,17.5,0,0,0,False,0,0,False,0,False,0,0,False,0,,False,99.0203,2204,28.7328,868.625,holoocean,0.1,none,500.0,0.01224584225565195,0.011803671717643738,0.02803283929824829,0.0,0.0,True,results/rl/final_benchmark/reliability_first_20260731/artifacts/rule_gate_center_then_commit__official_horseshoe_bay__horseshoe_bay__seed27032.trajectory.json,,
final_benchmark_episode_v1,bc_v3,bc,rl_multigate_controller,results/rl/multigate_longrun/bc_v3_balanced_v2_20260728/bc_v3.pt,True,False,official_horseshoe_bay,horseshoe_bay,official_horseshoe_bay/horseshoe_bay,marine_race_arena/tracks/marine_race_horseshoe_bay.json,True,,27033,holdout,RUNNING,TIME_LIMIT,False,1,12,False,,,1180.0,,10,0,98,True,113,1119,True,0,False,0,0,True,1,0,True,257.8838,5001,61.0041,1924.679,holoocean,0.1,none,500.0,0.051288507878780365,0.042639847844839096,0.0564388781785965,0.0,0.0,True,results/rl/final_benchmark/reliability_first_20260731/artifacts/bc_v3__official_horseshoe_bay__horseshoe_bay__seed27033.trajectory.json,,
final_benchmark_episode_v1,hybrid,hybrid,hybrid_gate_controller,results/rl_public/stage1/bc/model/best_model.pt,False,True,official_horseshoe_bay,horseshoe_bay,official_horseshoe_bay/horseshoe_bay,marine_race_arena/tracks/marine_race_horseshoe_bay.json,True,,27033,holdout,FINISHED,FINISHED,True,12,12,True,237.2,237.2,0.0,19.766666666666666,0,0,0,False,0,0,False,0,False,0,0,False,0,,False,99.989,2464,89.3227,956.584,holoocean,0.1,none,500.0,0.015600297600030899,0.01211014948785305,0.03076818957924843,0.0,0.0,True,results/rl/final_benchmark/reliability_first_20260731/artifacts/hybrid__official_horseshoe_bay__horseshoe_bay__seed27033.trajectory.json,,
final_benchmark_episode_v1,ppo_1000814,ppo,rl_multigate_controller,results\rl\multigate_reliability_first\r2_reliability_first_seed23001_c3_recovery_476525\checkpoints\ppo_1000814_steps.zip,True,False,official_horseshoe_bay,horseshoe_bay,official_horseshoe_bay/horseshoe_bay,marine_race_arena/tracks/marine_race_horseshoe_bay.json,True,,27033,holdout,FINISHED,FINISHED,True,12,12,True,157.7,157.7,0.0,13.141666666666666,0,0,0,False,0,0,False,0,False,0,0,False,0,0,False,105.6736,1656,55.9162,642.982,holoocean,0.1,none,500.0,0.025777628645300865,0.02154262363910675,0.04918665438890457,0.0,0.0,True,results/rl/final_benchmark/reliability_first_20260731/artifacts/ppo_1000814__official_horseshoe_bay__horseshoe_bay__seed27033.trajectory.json,,
final_benchmark_episode_v1,ppo_525678,ppo,rl_multigate_controller,results\rl\multigate_reliability_first\r2_reliability_first_seed23001_c3_recovery_476525\checkpoints\ppo_525678_steps.zip,True,False,official_horseshoe_bay,horseshoe_bay,official_horseshoe_bay/horseshoe_bay,marine_race_arena/tracks/marine_race_horseshoe_bay.json,True,,27033,holdout,FINISHED,FINISHED,True,12,12,True,168.9,168.9,0.0,14.075000000000001,0,0,0,False,0,0,False,0,False,0,0,False,0,2,False,118.1435,1773,59.4275,690.645,holoocean,0.1,none,500.0,0.026170263066887856,0.026643546298146248,0.05713622644543648,0.03676470588235294,0.0,True,results/rl/final_benchmark/reliability_first_20260731/artifacts/ppo_525678__official_horseshoe_bay__horseshoe_bay__seed27033.trajectory.json,,
final_benchmark_episode_v1,ppo_900462,ppo,rl_multigate_controller,results\rl\multigate_reliability_first\r2_reliability_first_seed23001_c3_recovery_476525\checkpoints\ppo_900462_steps.zip,True,False,official_horseshoe_bay,horseshoe_bay,official_horseshoe_bay/horseshoe_bay,marine_race_arena/tracks/marine_race_horseshoe_bay.json,True,,27033,holdout,FINISHED,FINISHED,True,12,12,True,180.89999999999998,180.89999999999998,0.0,15.074999999999998,0,0,0,False,0,0,False,0,False,0,0,False,0,0,False,103.9313,1895,56.8433,706.988,holoocean,0.1,none,500.0,0.02428882010281086,0.018993807956576347,0.0467374250292778,0.005747126436781609,0.0,True,results/rl/final_benchmark/reliability_first_20260731/artifacts/ppo_900462__official_horseshoe_bay__horseshoe_bay__seed27033.trajectory.json,,
final_benchmark_episode_v1,rule_gate_center_then_commit,rule,rule_gate_center_then_commit,,False,False,official_horseshoe_bay,horseshoe_bay,official_horseshoe_bay/horseshoe_bay,marine_race_arena/tracks/marine_race_horseshoe_bay.json,True,,27033,holdout,FINISHED,FINISHED,True,12,12,True,226.2,226.2,0.0,18.849999999999998,0,0,0,False,0,0,False,0,False,0,0,False,0,,False,100.1002,2397,29.0358,926.56,holoocean,0.1,none,500.0,0.013616791926324368,0.013340962119400501,0.030545447021722794,0.0,0.0,True,results/rl/final_benchmark/reliability_first_20260731/artifacts/rule_gate_center_then_commit__official_horseshoe_bay__horseshoe_bay__seed27033.trajectory.json,,
final_benchmark_episode_v1,bc_v3,bc,rl_multigate_controller,results/rl/multigate_longrun/bc_v3_balanced_v2_20260728/bc_v3.pt,True,False,official_horseshoe_bay,horseshoe_bay,official_horseshoe_bay/horseshoe_bay,marine_race_arena/tracks/marine_race_horseshoe_bay.json,True,,27034,holdout,RUNNING,TIME_LIMIT,False,7,12,False,,,90.0,,0,0,0,False,9,87,True,0,False,0,0,True,0,10,True,129.2063,5001,56.8239,1855.884,holoocean,0.1,none,500.0,0.028096815571188927,0.02574366144835949,0.04473333805799484,0.01164021164021164,0.0,True,results/rl/final_benchmark/reliability_first_20260731/artifacts/bc_v3__official_horseshoe_bay__horseshoe_bay__seed27034.trajectory.json,,
final_benchmark_episode_v1,hybrid,hybrid,hybrid_gate_controller,results/rl_public/stage1/bc/model/best_model.pt,False,True,official_horseshoe_bay,horseshoe_bay,official_horseshoe_bay/horseshoe_bay,marine_race_arena/tracks/marine_race_horseshoe_bay.json,True,,27034,holdout,FINISHED,FINISHED,True,12,12,True,212.4,212.4,0.0,17.7,0,0,0,False,0,0,False,0,False,0,0,False,0,,False,99.6407,2213,94.7147,848.477,holoocean,0.1,none,500.0,0.014026901684701443,0.011660762131214142,0.027815626934170723,0.0,0.0,True,results/rl/final_benchmark/reliability_first_20260731/artifacts/hybrid__official_horseshoe_bay__horseshoe_bay__seed27034.trajectory.json,,
final_benchmark_episode_v1,ppo_1000814,ppo,rl_multigate_controller,results\rl\multigate_reliability_first\r2_reliability_first_seed23001_c3_recovery_476525\checkpoints\ppo_1000814_steps.zip,True,False,official_horseshoe_bay,horseshoe_bay,official_horseshoe_bay/horseshoe_bay,marine_race_arena/tracks/marine_race_horseshoe_bay.json,True,,27034,holdout,FINISHED,FINISHED,True,12,12,True,163.4,163.4,0.0,13.616666666666667,0,0,0,False,0,0,False,0,False,0,0,False,0,0,False,106.3176,1703,58.7386,671.591,holoocean,0.1,none,500.0,0.025127509608864784,0.022202469408512115,0.051811326295137405,0.0,0.0,True,results/rl/final_benchmark/reliability_first_20260731/artifacts/ppo_1000814__official_horseshoe_bay__horseshoe_bay__seed27034.trajectory.json,,
final_benchmark_episode_v1,ppo_525678,ppo,rl_multigate_controller,results\rl\multigate_reliability_first\r2_reliability_first_seed23001_c3_recovery_476525\checkpoints\ppo_525678_steps.zip,True,False,official_horseshoe_bay,horseshoe_bay,official_horseshoe_bay/horseshoe_bay,marine_race_arena/tracks/marine_race_horseshoe_bay.json,True,,27034,holdout,DNF,REFEREE_TERMINAL,False,7,12,False,,,85.0,,1,0,1,True,8,79,True,0,False,1,0,True,0,3,False,78.4295,1273,55.7088,521.744,holoocean,0.1,none,500.0,0.026824120432138443,0.02969176322221756,0.057686030864715576,0.0,0.0,True,results/rl/final_benchmark/reliability_first_20260731/artifacts/ppo_525678__official_horseshoe_bay__horseshoe_bay__seed27034.trajectory.json,,
final_benchmark_episode_v1,ppo_900462,ppo,rl_multigate_controller,results\rl\multigate_reliability_first\r2_reliability_first_seed23001_c3_recovery_476525\checkpoints\ppo_900462_steps.zip,True,False,official_horseshoe_bay,horseshoe_bay,official_horseshoe_bay/horseshoe_bay,marine_race_arena/tracks/marine_race_horseshoe_bay.json,True,,27034,holdout,FINISHED,FINISHED,True,12,12,True,206.1,206.1,0.0,17.175,0,0,0,False,0,0,False,0,False,0,0,False,0,3,False,106.467,2194,57.6188,812.798,holoocean,0.1,none,500.0,0.024623842909932137,0.022050566971302032,0.04566776007413864,0.0,0.0,True,results/rl/final_benchmark/reliability_first_20260731/artifacts/ppo_900462__official_horseshoe_bay__horseshoe_bay__seed27034.trajectory.json,,
final_benchmark_episode_v1,rule_gate_center_then_commit,rule,rule_gate_center_then_commit,,False,False,official_horseshoe_bay,horseshoe_bay,official_horseshoe_bay/horseshoe_bay,marine_race_arena/tracks/marine_race_horseshoe_bay.json,True,,27034,holdout,FINISHED,FINISHED,True,12,12,True,224.9,224.9,0.0,18.741666666666667,0,0,0,False,0,0,False,0,False,0,0,False,0,,False,99.7503,2354,28.1757,927.773,holoocean,0.1,none,500.0,0.012937777675688267,0.012835978530347347,0.029190970584750175,0.0,0.0,True,results/rl/final_benchmark/reliability_first_20260731/artifacts/rule_gate_center_then_commit__official_horseshoe_bay__horseshoe_bay__seed27034.trajectory.json,,
final_benchmark_episode_v1,bc_v3,bc,rl_multigate_controller,results/rl/multigate_longrun/bc_v3_balanced_v2_20260728/bc_v3.pt,True,False,official_mixed_endurance,mixed_endurance,official_mixed_endurance/mixed_endurance,marine_race_arena/tracks/marine_race_mixed_endurance.json,True,clean_gate,1800,reused,DNF,REFEREE_TERMINAL,False,3,22,False,,,0.0,,0,0,0,False,0,0,False,0,False,1,0,False,0,2,False,54.8618,1943,54.2164,658.228,holoocean,0.1,none,1300.0,0.024080762639641762,0.027553847059607506,0.04770383983850479,0.010380622837370242,0.0,True,results/rl/final_benchmark/reliability_first_20260731/artifacts/bc_v3__official_mixed_endurance__mixed_endurance__seed1800.trajectory.json,results/rl/final_benchmark/reliability_first_20260731/artifacts/bc_v3__official_mixed_endurance__mixed_endurance__seed1800.mp4,389
final_benchmark_episode_v1,hybrid,hybrid,hybrid_gate_controller,results/rl_public/stage1/bc/model/best_model.pt,False,True,official_mixed_endurance,mixed_endurance,official_mixed_endurance/mixed_endurance,marine_race_arena/tracks/marine_race_mixed_endurance.json,True,clean_gate,1800,reused,FINISHED,FINISHED,True,22,22,True,616.8,616.8,0.0,28.036363636363635,0,0,0,False,0,0,False,0,False,0,0,False,0,,False,245.5859,7974,88.4497,3035.105,holoocean,0.1,none,1300.0,0.017820488661527634,0.012504556216299534,0.03599439188838005,0.0,0.0,True,results/rl/final_benchmark/reliability_first_20260731/artifacts/hybrid__official_mixed_endurance__mixed_endurance__seed1800.trajectory.json,results/rl/final_benchmark/reliability_first_20260731/artifacts/hybrid__official_mixed_endurance__mixed_endurance__seed1800.mp4,1595
final_benchmark_episode_v1,ppo_1000814,ppo,rl_multigate_controller,results\rl\multigate_reliability_first\r2_reliability_first_seed23001_c3_recovery_476525\checkpoints\ppo_1000814_steps.zip,True,False,official_mixed_endurance,mixed_endurance,official_mixed_endurance/mixed_endurance,marine_race_arena/tracks/marine_race_mixed_endurance.json,True,clean_gate,1800,reused,DNF,REFEREE_TERMINAL,False,2,22,False,,,5.0,,1,0,1,True,0,0,False,1,True,1,0,True,0,1,False,34.2357,585,57.174,261.308,holoocean,0.1,none,1300.0,0.021474339067935944,0.02549339085817337,0.05021141469478607,0.0,0.0,True,results/rl/final_benchmark/reliability_first_20260731/artifacts/ppo_1000814__official_mixed_endurance__mixed_endurance__seed1800.trajectory.json,results/rl/final_benchmark/reliability_first_20260731/artifacts/ppo_1000814__official_mixed_endurance__mixed_endurance__seed1800.mp4,117
final_benchmark_episode_v1,ppo_525678,ppo,rl_multigate_controller,results\rl\multigate_reliability_first\r2_reliability_first_seed23001_c3_recovery_476525\checkpoints\ppo_525678_steps.zip,True,False,official_mixed_endurance,mixed_endurance,official_mixed_endurance/mixed_endurance,marine_race_arena/tracks/marine_race_mixed_endurance.json,True,clean_gate,1800,reused,DNF,REFEREE_TERMINAL,False,2,22,False,,,0.0,,0,0,0,False,0,0,False,1,True,1,0,True,0,1,False,38.3228,599,65.4038,265.808,holoocean,0.1,none,1300.0,0.021786870434880257,0.024804510176181793,0.053892046213150024,0.0,0.0,True,results/rl/final_benchmark/reliability_first_20260731/artifacts/ppo_525678__official_mixed_endurance__mixed_endurance__seed1800.trajectory.json,results/rl/final_benchmark/reliability_first_20260731/artifacts/ppo_525678__official_mixed_endurance__mixed_endurance__seed1800.mp4,120
final_benchmark_episode_v1,ppo_900462,ppo,rl_multigate_controller,results\rl\multigate_reliability_first\r2_reliability_first_seed23001_c3_recovery_476525\checkpoints\ppo_900462_steps.zip,True,False,official_mixed_endurance,mixed_endurance,official_mixed_endurance/mixed_endurance,marine_race_arena/tracks/marine_race_mixed_endurance.json,True,clean_gate,1800,reused,DNF,REFEREE_TERMINAL,False,14,22,False,,,15.0,,3,0,11,True,0,0,False,0,False,1,0,True,0,5,False,174.4371,3467,57.3072,1343.091,holoocean,0.1,none,1300.0,0.023593327030539513,0.027063222602009773,0.05950266867876053,0.00202020202020202,0.0,True,results/rl/final_benchmark/reliability_first_20260731/artifacts/ppo_900462__official_mixed_endurance__mixed_endurance__seed1800.trajectory.json,results/rl/final_benchmark/reliability_first_20260731/artifacts/ppo_900462__official_mixed_endurance__mixed_endurance__seed1800.mp4,694
final_benchmark_episode_v1,rule_gate_center_then_commit,rule,rule_gate_center_then_commit,,False,False,official_mixed_endurance,mixed_endurance,official_mixed_endurance/mixed_endurance,marine_race_arena/tracks/marine_race_mixed_endurance.json,True,clean_gate,1800,reused,DNF,REFEREE_TERMINAL,False,21,22,False,,,15.0,,3,0,18,True,0,0,False,0,False,1,0,True,0,,False,223.8445,4987,27.4288,1500.928,holoocean,0.1,none,1300.0,0.012765893712639809,0.01140088215470314,0.0340067483484745,0.0,0.0,True,results/rl/final_benchmark/reliability_first_20260731/artifacts/rule_gate_center_then_commit__official_mixed_endurance__mixed_endurance__seed1800.trajectory.json,results/rl/final_benchmark/reliability_first_20260731/artifacts/rule_gate_center_then_commit__official_mixed_endurance__mixed_endurance__seed1800.mp4,998
final_benchmark_episode_v1,bc_v3,bc,rl_multigate_controller,results/rl/multigate_longrun/bc_v3_balanced_v2_20260728/bc_v3.pt,True,False,official_mixed_endurance,mixed_endurance,official_mixed_endurance/mixed_endurance,marine_race_arena/tracks/marine_race_mixed_endurance.json,True,clean_gate,1801,reused,DNF,REFEREE_TERMINAL,False,4,22,False,,,0.0,,0,0,0,False,0,0,False,0,False,1,0,False,0,2,False,77.9663,2484,53.4463,742.87,holoocean,0.1,none,1300.0,0.02251747064292431,0.028207002207636833,0.05091309919953346,0.014925373134328358,0.0,True,results/rl/final_benchmark/reliability_first_20260731/artifacts/bc_v3__official_mixed_endurance__mixed_endurance__seed1801.trajectory.json,,
final_benchmark_episode_v1,hybrid,hybrid,hybrid_gate_controller,results/rl_public/stage1/bc/model/best_model.pt,False,True,official_mixed_endurance,mixed_endurance,official_mixed_endurance/mixed_endurance,marine_race_arena/tracks/marine_race_mixed_endurance.json,True,clean_gate,1801,reused,FINISHED,FINISHED,True,22,22,True,465.0,465.0,0.0,21.136363636363637,0,0,0,False,0,0,False,0,False,0,0,False,0,,False,213.0815,4781,82.9945,1438.614,holoocean,0.1,none,1300.0,0.01424704771488905,0.008793249726295471,0.03227483108639717,0.0,0.0,True,results/rl/final_benchmark/reliability_first_20260731/artifacts/hybrid__official_mixed_endurance__mixed_endurance__seed1801.trajectory.json,,
final_benchmark_episode_v1,ppo_1000814,ppo,rl_multigate_controller,results\rl\multigate_reliability_first\r2_reliability_first_seed23001_c3_recovery_476525\checkpoints\ppo_1000814_steps.zip,True,False,official_mixed_endurance,mixed_endurance,official_mixed_endurance/mixed_endurance,marine_race_arena/tracks/marine_race_mixed_endurance.json,True,clean_gate,1801,reused,DNF,REFEREE_TERMINAL,False,11,22,False,,,920.0,,184,0,1704,True,0,0,False,0,False,1,0,True,1,13,False,147.485,4562,55.8302,1751.348,holoocean,0.1,none,1300.0,0.03183826431632042,0.0519564114511013,0.05179401859641075,0.0,0.0,True,results/rl/final_benchmark/reliability_first_20260731/artifacts/ppo_1000814__official_mixed_endurance__mixed_endurance__seed1801.trajectory.json,,
final_benchmark_episode_v1,ppo_525678,ppo,rl_multigate_controller,results\rl\multigate_reliability_first\r2_reliability_first_seed23001_c3_recovery_476525\checkpoints\ppo_525678_steps.zip,True,False,official_mixed_endurance,mixed_endurance,official_mixed_endurance/mixed_endurance,marine_race_arena/tracks/marine_race_mixed_endurance.json,True,clean_gate,1801,reused,DNF,REFEREE_TERMINAL,False,5,22,False,,,5.0,,1,0,2,True,0,0,False,0,False,1,0,True,0,1,False,58.2445,992,55.1841,421.108,holoocean,0.1,none,1300.0,0.025932591408491135,0.030377641320228577,0.06201819330453873,0.0,0.0,True,results/rl/final_benchmark/reliability_first_20260731/artifacts/ppo_525678__official_mixed_endurance__mixed_endurance__seed1801.trajectory.json,,
final_benchmark_episode_v1,ppo_900462,ppo,rl_multigate_controller,results\rl\multigate_reliability_first\r2_reliability_first_seed23001_c3_recovery_476525\checkpoints\ppo_900462_steps.zip,True,False,official_mixed_endurance,mixed_endurance,official_mixed_endurance/mixed_endurance,marine_race_arena/tracks/marine_race_mixed_endurance.json,True,clean_gate,1801,reused,DNF,REFEREE_TERMINAL,False,6,22,False,,,0.0,,0,0,0,False,0,0,False,1,True,1,0,True,0,1,False,74.0161,1304,57.6573,545.604,holoocean,0.1,none,1300.0,0.020697128027677536,0.024732010439038277,0.052216701209545135,0.0,0.0,True,results/rl/final_benchmark/reliability_first_20260731/artifacts/ppo_900462__official_mixed_endurance__mixed_endurance__seed1801.trajectory.json,,
final_benchmark_episode_v1,rule_gate_center_then_commit,rule,rule_gate_center_then_commit,,False,False,official_mixed_endurance,mixed_endurance,official_mixed_endurance/mixed_endurance,marine_race_arena/tracks/marine_race_mixed_endurance.json,True,clean_gate,1801,reused,FINISHED,FINISHED,True,22,22,True,488.5,488.5,0.0,22.204545454545453,0,0,0,False,0,0,False,0,False,0,0,False,0,,False,215.9567,5004,29.2916,1867.034,holoocean,0.1,none,1300.0,0.01330525428056717,0.009511924348771572,0.03785738721489906,0.0,0.0,True,results/rl/final_benchmark/reliability_first_20260731/artifacts/rule_gate_center_then_commit__official_mixed_endurance__mixed_endurance__seed1801.trajectory.json,,
final_benchmark_episode_v1,bc_v3,bc,rl_multigate_controller,results/rl/multigate_longrun/bc_v3_balanced_v2_20260728/bc_v3.pt,True,False,official_mixed_endurance,mixed_endurance,official_mixed_endurance/mixed_endurance,marine_race_arena/tracks/marine_race_mixed_endurance.json,True,clean_gate,27038,holdout,DNF,REFEREE_TERMINAL,False,8,22,False,,,0.0,,0,0,0,False,0,0,False,0,False,1,0,False,0,6,False,151.9935,3928,57.4672,1401.783,holoocean,0.1,none,1300.0,0.02528742142021656,0.03644632175564766,0.0585331954061985,0.009857612267250822,0.0,True,results/rl/final_benchmark/reliability_first_20260731/artifacts/bc_v3__official_mixed_endurance__mixed_endurance__seed27038.trajectory.json,,
final_benchmark_episode_v1,hybrid,hybrid,hybrid_gate_controller,results/rl_public/stage1/bc/model/best_model.pt,False,True,official_mixed_endurance,mixed_endurance,official_mixed_endurance/mixed_endurance,marine_race_arena/tracks/marine_race_mixed_endurance.json,True,clean_gate,27038,holdout,DNF,REFEREE_TERMINAL,False,21,22,False,,,0.0,,0,0,0,False,0,0,False,0,False,1,0,False,0,,False,227.0321,5852,82.6075,2164.287,holoocean,0.1,none,1300.0,0.014725920744240284,0.011214153841137886,0.03260413184762001,0.0,0.0,True,results/rl/final_benchmark/reliability_first_20260731/artifacts/hybrid__official_mixed_endurance__mixed_endurance__seed27038.trajectory.json,,
final_benchmark_episode_v1,ppo_1000814,ppo,rl_multigate_controller,results\rl\multigate_reliability_first\r2_reliability_first_seed23001_c3_recovery_476525\checkpoints\ppo_1000814_steps.zip,True,False,official_mixed_endurance,mixed_endurance,official_mixed_endurance/mixed_endurance,marine_race_arena/tracks/marine_race_mixed_endurance.json,True,clean_gate,27038,holdout,RUNNING,TIME_LIMIT,False,5,22,False,,,6175.0,,1223,0,12201,True,0,0,False,0,False,0,4,True,0,1,True,48.111,13001,57.3698,4687.166,holoocean,0.1,none,1300.0,0.013479901477694511,0.03452775999903679,0.029268667101860046,0.0,0.0,True,results/rl/final_benchmark/reliability_first_20260731/artifacts/ppo_1000814__official_mixed_endurance__mixed_endurance__seed27038.trajectory.json,,
final_benchmark_episode_v1,ppo_525678,ppo,rl_multigate_controller,results\rl\multigate_reliability_first\r2_reliability_first_seed23001_c3_recovery_476525\checkpoints\ppo_525678_steps.zip,True,False,official_mixed_endurance,mixed_endurance,official_mixed_endurance/mixed_endurance,marine_race_arena/tracks/marine_race_mixed_endurance.json,True,clean_gate,27038,holdout,DNF,REFEREE_TERMINAL,False,1,22,False,,,780.0,,6,0,50,True,75,742,True,1,True,1,0,True,0,0,False,82.9936,1185,54.4445,515.258,holoocean,0.1,none,1300.0,0.046210456639528275,0.03146500140428543,0.06419972330331802,0.007380073800738007,0.0,True,results/rl/final_benchmark/reliability_first_20260731/artifacts/ppo_525678__official_mixed_endurance__mixed_endurance__seed27038.trajectory.json,,
final_benchmark_episode_v1,ppo_900462,ppo,rl_multigate_controller,results\rl\multigate_reliability_first\r2_reliability_first_seed23001_c3_recovery_476525\checkpoints\ppo_900462_steps.zip,True,False,official_mixed_endurance,mixed_endurance,official_mixed_endurance/mixed_endurance,marine_race_arena/tracks/marine_race_mixed_endurance.json,True,clean_gate,27038,holdout,DNF,REFEREE_TERMINAL,False,15,22,False,,,1110.0,,222,0,1775,True,0,0,False,2,True,1,0,True,0,43,False,217.0324,6684,57.8601,2518.739,holoocean,0.1,none,1300.0,0.02309754490852356,0.034111764281988144,0.05680396780371666,0.0008375209380234506,0.0,True,results/rl/final_benchmark/reliability_first_20260731/artifacts/ppo_900462__official_mixed_endurance__mixed_endurance__seed27038.trajectory.json,,
final_benchmark_episode_v1,rule_gate_center_then_commit,rule,rule_gate_center_then_commit,,False,False,official_mixed_endurance,mixed_endurance,official_mixed_endurance/mixed_endurance,marine_race_arena/tracks/marine_race_mixed_endurance.json,True,clean_gate,27038,holdout,FINISHED,FINISHED,True,22,22,True,466.20000000000005,466.20000000000005,0.0,21.19090909090909,0,0,0,False,0,0,False,0,False,0,0,False,0,,False,215.5321,4760,29.5662,1868.901,holoocean,0.1,none,1300.0,0.012832778505980968,0.009189351461827755,0.03572987765073776,0.0,0.0,True,results/rl/final_benchmark/reliability_first_20260731/artifacts/rule_gate_center_then_commit__official_mixed_endurance__mixed_endurance__seed27038.trajectory.json,,
final_benchmark_episode_v1,bc_v3,bc,rl_multigate_controller,results/rl/multigate_longrun/bc_v3_balanced_v2_20260728/bc_v3.pt,True,False,official_mixed_endurance,mixed_endurance,official_mixed_endurance/mixed_endurance,marine_race_arena/tracks/marine_race_mixed_endurance.json,True,clean_gate,27039,holdout,RUNNING,TIME_LIMIT,False,7,22,False,,,4390.0,,875,0,8740,True,0,0,False,0,False,0,1,True,0,7,True,119.3013,13001,54.1054,4140.434,holoocean,0.1,none,1300.0,0.016574589535593987,0.030115915462374687,0.03329283371567726,0.002127659574468085,0.0,True,results/rl/final_benchmark/reliability_first_20260731/artifacts/bc_v3__official_mixed_endurance__mixed_endurance__seed27039.trajectory.json,,
final_benchmark_episode_v1,hybrid,hybrid,hybrid_gate_controller,results/rl_public/stage1/bc/model/best_model.pt,False,True,official_mixed_endurance,mixed_endurance,official_mixed_endurance/mixed_endurance,marine_race_arena/tracks/marine_race_mixed_endurance.json,True,clean_gate,27039,holdout,FINISHED,FINISHED,True,22,22,True,558.8,628.8,70.0,25.4,14,0,86,True,0,0,False,0,False,0,0,True,0,,False,222.2008,5728,87.3113,2205.469,holoocean,0.1,none,1300.0,0.014032240957021713,0.010233506560325623,0.032860975712537766,0.0,0.0,True,results/rl/final_benchmark/reliability_first_20260731/artifacts/hybrid__official_mixed_endurance__mixed_endurance__seed27039.trajectory.json,,
final_benchmark_episode_v1,ppo_1000814,ppo,rl_multigate_controller,results\rl\multigate_reliability_first\r2_reliability_first_seed23001_c3_recovery_476525\checkpoints\ppo_1000814_steps.zip,True,False,official_mixed_endurance,mixed_endurance,official_mixed_endurance/mixed_endurance,marine_race_arena/tracks/marine_race_mixed_endurance.json,True,clean_gate,27039,holdout,DNF,REFEREE_TERMINAL,False,5,22,False,,,0.0,,0,0,0,False,0,0,False,0,False,1,0,False,0,1,False,60.7228,1799,55.4344,545.664,holoocean,0.1,none,1300.0,0.01805938594043255,0.029970625415444374,0.05786459520459175,0.005917159763313609,0.0,True,results/rl/final_benchmark/reliability_first_20260731/artifacts/ppo_1000814__official_mixed_endurance__mixed_endurance__seed27039.trajectory.json,,
final_benchmark_episode_v1,ppo_525678,ppo,rl_multigate_controller,results\rl\multigate_reliability_first\r2_reliability_first_seed23001_c3_recovery_476525\checkpoints\ppo_525678_steps.zip,True,False,official_mixed_endurance,mixed_endurance,official_mixed_endurance/mixed_endurance,marine_race_arena/tracks/marine_race_mixed_endurance.json,True,clean_gate,27039,holdout,DNF,REFEREE_TERMINAL,False,1,22,False,,,555.0,,111,0,1095,True,0,0,False,1,True,1,0,True,0,0,False,75.3224,2168,54.9098,846.562,holoocean,0.1,none,1300.0,0.06234446167945862,0.02391894720494747,0.048668306320905685,0.0,0.0,True,results/rl/final_benchmark/reliability_first_20260731/artifacts/ppo_525678__official_mixed_endurance__mixed_endurance__seed27039.trajectory.json,,
final_benchmark_episode_v1,ppo_900462,ppo,rl_multigate_controller,results\rl\multigate_reliability_first\r2_reliability_first_seed23001_c3_recovery_476525\checkpoints\ppo_900462_steps.zip,True,False,official_mixed_endurance,mixed_endurance,official_mixed_endurance/mixed_endurance,marine_race_arena/tracks/marine_race_mixed_endurance.json,True,clean_gate,27039,holdout,FINISHED,FINISHED,True,22,22,True,520.5,660.5,140.0,23.65909090909091,28,0,188,True,0,0,False,0,False,0,0,True,0,7,False,254.3343,5297,58.674,2076.601,holoocean,0.1,none,1300.0,0.024415532127022743,0.02797691710293293,0.057754550129175186,0.0022701475595913734,0.0,True,results/rl/final_benchmark/reliability_first_20260731/artifacts/ppo_900462__official_mixed_endurance__mixed_endurance__seed27039.trajectory.json,,
final_benchmark_episode_v1,rule_gate_center_then_commit,rule,rule_gate_center_then_commit,,False,False,official_mixed_endurance,mixed_endurance,official_mixed_endurance/mixed_endurance,marine_race_arena/tracks/marine_race_mixed_endurance.json,True,clean_gate,27039,holdout,FINISHED,FINISHED,True,22,22,True,437.3,437.3,0.0,19.87727272727273,0,0,0,False,0,0,False,0,False,0,0,False,0,,False,212.4061,4514,28.8131,1729.499,holoocean,0.1,none,1300.0,0.011789912357926369,0.009442716836929321,0.03360613062977791,0.0,0.0,True,results/rl/final_benchmark/reliability_first_20260731/artifacts/rule_gate_center_then_commit__official_mixed_endurance__mixed_endurance__seed27039.trajectory.json,,
final_benchmark_episode_v1,bc_v3,bc,rl_multigate_controller,results/rl/multigate_longrun/bc_v3_balanced_v2_20260728/bc_v3.pt,True,False,official_mixed_endurance,mixed_endurance,official_mixed_endurance/mixed_endurance,marine_race_arena/tracks/marine_race_mixed_endurance.json,True,clean_gate,27040,holdout,DNF,REFEREE_TERMINAL,False,1,22,False,,,60.0,,12,0,90,True,0,0,False,2,True,1,0,True,0,0,False,37.4677,1192,55.5694,476.098,holoocean,0.1,none,1300.0,0.03391505032777786,0.03244648873806,0.04723628610372543,0.0,0.0,True,results/rl/final_benchmark/reliability_first_20260731/artifacts/bc_v3__official_mixed_endurance__mixed_endurance__seed27040.trajectory.json,,
final_benchmark_episode_v1,hybrid,hybrid,hybrid_gate_controller,results/rl_public/stage1/bc/model/best_model.pt,False,True,official_mixed_endurance,mixed_endurance,official_mixed_endurance/mixed_endurance,marine_race_arena/tracks/marine_race_mixed_endurance.json,True,clean_gate,27040,holdout,FINISHED,FINISHED,True,22,22,True,623.3000000000001,623.3000000000001,0.0,28.331818181818186,0,0,0,False,0,0,False,0,False,0,0,False,0,,False,225.9941,6367,83.5105,2395.451,holoocean,0.1,none,1300.0,0.016017906367778778,0.01068200170993805,0.03424469381570816,0.0,0.0,True,results/rl/final_benchmark/reliability_first_20260731/artifacts/hybrid__official_mixed_endurance__mixed_endurance__seed27040.trajectory.json,,
final_benchmark_episode_v1,ppo_1000814,ppo,rl_multigate_controller,results\rl\multigate_reliability_first\r2_reliability_first_seed23001_c3_recovery_476525\checkpoints\ppo_1000814_steps.zip,True,False,official_mixed_endurance,mixed_endurance,official_mixed_endurance/mixed_endurance,marine_race_arena/tracks/marine_race_mixed_endurance.json,True,clean_gate,27040,holdout,DNF,REFEREE_TERMINAL,False,2,22,False,,,30.0,,6,0,39,True,0,0,False,0,False,1,0,True,0,2,False,31.2273,537,53.3152,193.672,holoocean,0.1,none,1300.0,0.021589593961834908,0.022849712520837784,0.04546597972512245,0.0,0.0,True,results/rl/final_benchmark/reliability_first_20260731/artifacts/ppo_1000814__official_mixed_endurance__mixed_endurance__seed27040.trajectory.json,,
final_benchmark_episode_v1,ppo_525678,ppo,rl_multigate_controller,results\rl\multigate_reliability_first\r2_reliability_first_seed23001_c3_recovery_476525\checkpoints\ppo_525678_steps.zip,True,False,official_mixed_endurance,mixed_endurance,official_mixed_endurance/mixed_endurance,marine_race_arena/tracks/marine_race_mixed_endurance.json,True,clean_gate,27040,holdout,DNF,REFEREE_TERMINAL,False,10,22,False,,,5.0,,1,0,1,True,0,0,False,0,False,1,0,True,0,2,False,112.1182,2129,56.3663,862.784,holoocean,0.1,none,1300.0,0.021457746624946594,0.030547594651579857,0.057780180126428604,0.0,0.0,True,results/rl/final_benchmark/reliability_first_20260731/artifacts/ppo_525678__official_mixed_endurance__mixed_endurance__seed27040.trajectory.json,,
final_benchmark_episode_v1,ppo_900462,ppo,rl_multigate_controller,results\rl\multigate_reliability_first\r2_reliability_first_seed23001_c3_recovery_476525\checkpoints\ppo_900462_steps.zip,True,False,official_mixed_endurance,mixed_endurance,official_mixed_endurance/mixed_endurance,marine_race_arena/tracks/marine_race_mixed_endurance.json,True,clean_gate,27040,holdout,DNF,REFEREE_TERMINAL,False,2,22,False,,,0.0,,0,0,0,False,0,0,False,0,False,1,0,False,0,1,False,26.2536,530,59.2302,259.281,holoocean,0.1,none,1300.0,0.026004068553447723,0.022028807550668716,0.045767251402139664,0.0,0.0,True,results/rl/final_benchmark/reliability_first_20260731/artifacts/ppo_900462__official_mixed_endurance__mixed_endurance__seed27040.trajectory.json,,
final_benchmark_episode_v1,rule_gate_center_then_commit,rule,rule_gate_center_then_commit,,False,False,official_mixed_endurance,mixed_endurance,official_mixed_endurance/mixed_endurance,marine_race_arena/tracks/marine_race_mixed_endurance.json,True,clean_gate,27040,holdout,FINISHED,FINISHED,True,22,22,True,456.59999999999997,456.59999999999997,0.0,20.754545454545454,0,0,0,False,0,0,False,0,False,0,0,False,0,,False,213.5475,4717,28.3967,1759.535,holoocean,0.1,none,1300.0,0.012957320548593998,0.009892438538372517,0.03498712182044983,0.0,0.0,True,results/rl/final_benchmark/reliability_first_20260731/artifacts/rule_gate_center_then_commit__official_mixed_endurance__mixed_endurance__seed27040.trajectory.json,,
final_benchmark_episode_v1,bc_v3,bc,rl_multigate_controller,results/rl/multigate_longrun/bc_v3_balanced_v2_20260728/bc_v3.pt,True,False,official_vertical_serpent,vertical_serpent,official_vertical_serpent/vertical_serpent,marine_race_arena/tracks/marine_race_vertical_serpent.json,True,,1800,reused,RUNNING,TIME_LIMIT,False,6,17,False,,,3575.0,,63,0,563,True,326,3252,True,4,True,0,0,True,1,11,True,304.5735,8501,59.9418,3480.409,holoocean,0.1,none,850.0,0.03374510258436203,0.02843104489147663,0.056367091834545135,0.0030745580322828594,0.0,True,results/rl/final_benchmark/reliability_first_20260731/artifacts/bc_v3__official_vertical_serpent__vertical_serpent__seed1800.trajectory.json,results/rl/final_benchmark/reliability_first_20260731/artifacts/bc_v3__official_vertical_serpent__vertical_serpent__seed1800.mp4,1701
final_benchmark_episode_v1,hybrid,hybrid,hybrid_gate_controller,results/rl_public/stage1/bc/model/best_model.pt,False,True,official_vertical_serpent,vertical_serpent,official_vertical_serpent/vertical_serpent,marine_race_arena/tracks/marine_race_vertical_serpent.json,True,,1800,reused,FINISHED,FINISHED,True,17,17,True,290.2,290.2,0.0,17.070588235294117,0,0,0,False,0,0,False,0,False,0,0,False,0,,False,126.5765,3004,84.6276,1130.361,holoocean,0.1,none,850.0,0.014201965183019638,0.007518593687564135,0.030793212354183197,0.0,0.0,True,results/rl/final_benchmark/reliability_first_20260731/artifacts/hybrid__official_vertical_serpent__vertical_serpent__seed1800.trajectory.json,results/rl/final_benchmark/reliability_first_20260731/artifacts/hybrid__official_vertical_serpent__vertical_serpent__seed1800.mp4,601
final_benchmark_episode_v1,ppo_1000814,ppo,rl_multigate_controller,results\rl\multigate_reliability_first\r2_reliability_first_seed23001_c3_recovery_476525\checkpoints\ppo_1000814_steps.zip,True,False,official_vertical_serpent,vertical_serpent,official_vertical_serpent/vertical_serpent,marine_race_arena/tracks/marine_race_vertical_serpent.json,True,,1800,reused,DNF,REFEREE_TERMINAL,False,7,17,False,,,55.0,,11,0,40,True,0,0,False,1,True,1,0,True,0,3,False,82.8108,1938,56.0224,762.183,holoocean,0.1,none,850.0,0.028106894344091415,0.02946864441037178,0.05860167741775513,0.0045662100456621,0.0,True,results/rl/final_benchmark/reliability_first_20260731/artifacts/ppo_1000814__official_vertical_serpent__vertical_serpent__seed1800.trajectory.json,results/rl/final_benchmark/reliability_first_20260731/artifacts/ppo_1000814__official_vertical_serpent__vertical_serpent__seed1800.mp4,388
final_benchmark_episode_v1,ppo_525678,ppo,rl_multigate_controller,results\rl\multigate_reliability_first\r2_reliability_first_seed23001_c3_recovery_476525\checkpoints\ppo_525678_steps.zip,True,False,official_vertical_serpent,vertical_serpent,official_vertical_serpent/vertical_serpent,marine_race_arena/tracks/marine_race_vertical_serpent.json,True,,1800,reused,DNF,REFEREE_TERMINAL,False,7,17,False,,,20.0,,4,0,14,True,0,0,False,0,False,1,0,True,0,1,False,52.8944,867,66.4196,371.265,holoocean,0.1,none,850.0,0.025046497583389282,0.02708662487566471,0.05744793638586998,0.0,0.0,True,results/rl/final_benchmark/reliability_first_20260731/artifacts/ppo_525678__official_vertical_serpent__vertical_serpent__seed1800.trajectory.json,results/rl/final_benchmark/reliability_first_20260731/artifacts/ppo_525678__official_vertical_serpent__vertical_serpent__seed1800.mp4,174
final_benchmark_episode_v1,ppo_900462,ppo,rl_multigate_controller,results\rl\multigate_reliability_first\r2_reliability_first_seed23001_c3_recovery_476525\checkpoints\ppo_900462_steps.zip,True,False,official_vertical_serpent,vertical_serpent,official_vertical_serpent/vertical_serpent,marine_race_arena/tracks/marine_race_vertical_serpent.json,True,,1800,reused,DNF,REFEREE_TERMINAL,False,5,17,False,,,55.0,,11,0,76,True,0,0,False,0,False,1,0,True,0,2,False,38.3534,882,56.735,361.064,holoocean,0.1,none,850.0,0.02307981066405773,0.024637771770358086,0.05456022545695305,0.0,0.0,True,results/rl/final_benchmark/reliability_first_20260731/artifacts/ppo_900462__official_vertical_serpent__vertical_serpent__seed1800.trajectory.json,results/rl/final_benchmark/reliability_first_20260731/artifacts/ppo_900462__official_vertical_serpent__vertical_serpent__seed1800.mp4,177
final_benchmark_episode_v1,rule_gate_center_then_commit,rule,rule_gate_center_then_commit,,False,False,official_vertical_serpent,vertical_serpent,official_vertical_serpent/vertical_serpent,marine_race_arena/tracks/marine_race_vertical_serpent.json,True,,1800,reused,FINISHED,FINISHED,True,17,17,True,273.4,273.4,0.0,16.08235294117647,0,0,0,False,0,0,False,0,False,0,0,False,0,,False,128.2142,2822,29.4293,1052.519,holoocean,0.1,none,850.0,0.014323271811008453,0.009621547535061836,0.03216131404042244,0.0,0.0,True,results/rl/final_benchmark/reliability_first_20260731/artifacts/rule_gate_center_then_commit__official_vertical_serpent__vertical_serpent__seed1800.trajectory.json,results/rl/final_benchmark/reliability_first_20260731/artifacts/rule_gate_center_then_commit__official_vertical_serpent__vertical_serpent__seed1800.mp4,565
final_benchmark_episode_v1,bc_v3,bc,rl_multigate_controller,results/rl/multigate_longrun/bc_v3_balanced_v2_20260728/bc_v3.pt,True,False,official_vertical_serpent,vertical_serpent,official_vertical_serpent/vertical_serpent,marine_race_arena/tracks/marine_race_vertical_serpent.json,True,,1801,reused,RUNNING,TIME_LIMIT,False,9,17,False,,,180.0,,36,0,319,True,0,0,False,3,True,0,0,True,0,8,True,192.7946,8501,56.2701,3264.342,holoocean,0.1,none,850.0,0.029947102069854736,0.025950899347662926,0.04495200142264366,0.00277623542476402,0.0,True,results/rl/final_benchmark/reliability_first_20260731/artifacts/bc_v3__official_vertical_serpent__vertical_serpent__seed1801.trajectory.json,,
final_benchmark_episode_v1,hybrid,hybrid,hybrid_gate_controller,results/rl_public/stage1/bc/model/best_model.pt,False,True,official_vertical_serpent,vertical_serpent,official_vertical_serpent/vertical_serpent,marine_race_arena/tracks/marine_race_vertical_serpent.json,True,,1801,reused,FINISHED,FINISHED,True,17,17,True,291.0,291.0,0.0,17.11764705882353,0,0,0,False,0,0,False,0,False,0,0,False,0,,False,125.8867,3001,86.6368,1103.179,holoocean,0.1,none,850.0,0.013388977386057377,0.007898555137217045,0.030279861763119698,0.0,0.0,True,results/rl/final_benchmark/reliability_first_20260731/artifacts/hybrid__official_vertical_serpent__vertical_serpent__seed1801.trajectory.json,,
final_benchmark_episode_v1,ppo_1000814,ppo,rl_multigate_controller,results\rl\multigate_reliability_first\r2_reliability_first_seed23001_c3_recovery_476525\checkpoints\ppo_1000814_steps.zip,True,False,official_vertical_serpent,vertical_serpent,official_vertical_serpent/vertical_serpent,marine_race_arena/tracks/marine_race_vertical_serpent.json,True,,1801,reused,DNF,REFEREE_TERMINAL,False,5,17,False,,,5.0,,1,0,2,True,0,0,False,0,False,1,0,True,0,1,False,41.7433,982,55.2185,388.773,holoocean,0.1,none,850.0,0.021102098748087883,0.02907341532409191,0.05938960239291191,0.0,0.0,True,results/rl/final_benchmark/reliability_first_20260731/artifacts/ppo_1000814__official_vertical_serpent__vertical_serpent__seed1801.trajectory.json,,
final_benchmark_episode_v1,ppo_525678,ppo,rl_multigate_controller,results\rl\multigate_reliability_first\r2_reliability_first_seed23001_c3_recovery_476525\checkpoints\ppo_525678_steps.zip,True,False,official_vertical_serpent,vertical_serpent,official_vertical_serpent/vertical_serpent,marine_race_arena/tracks/marine_race_vertical_serpent.json,True,,1801,reused,RUNNING,TIME_LIMIT,False,3,17,False,,,4060.0,,800,0,7975,True,0,0,False,0,False,0,4,True,1,2,True,33.1178,8501,60.9335,3075.18,holoocean,0.1,none,850.0,0.026779666543006897,0.02884208969771862,0.025392765179276466,0.0,0.0,True,results/rl/final_benchmark/reliability_first_20260731/artifacts/ppo_525678__official_vertical_serpent__vertical_serpent__seed1801.trajectory.json,,
final_benchmark_episode_v1,ppo_900462,ppo,rl_multigate_controller,results\rl\multigate_reliability_first\r2_reliability_first_seed23001_c3_recovery_476525\checkpoints\ppo_900462_steps.zip,True,False,official_vertical_serpent,vertical_serpent,official_vertical_serpent/vertical_serpent,marine_race_arena/tracks/marine_race_vertical_serpent.json,True,,1801,reused,DNF,REFEREE_TERMINAL,False,6,17,False,,,20.0,,4,0,25,True,0,0,False,0,False,1,0,True,1,3,False,66.9328,1493,66.6412,638.311,holoocean,0.1,none,850.0,0.02705387957394123,0.024953294545412064,0.04952411726117134,0.0,0.0,True,results/rl/final_benchmark/reliability_first_20260731/artifacts/ppo_900462__official_vertical_serpent__vertical_serpent__seed1801.trajectory.json,,
final_benchmark_episode_v1,rule_gate_center_then_commit,rule,rule_gate_center_then_commit,,False,False,official_vertical_serpent,vertical_serpent,official_vertical_serpent/vertical_serpent,marine_race_arena/tracks/marine_race_vertical_serpent.json,True,,1801,reused,FINISHED,FINISHED,True,17,17,True,284.9,284.9,0.0,16.758823529411764,0,0,0,False,0,0,False,0,False,0,0,False,0,,False,129.3735,2958,29.5318,1046.609,holoocean,0.1,none,850.0,0.013894987292587757,0.00938386470079422,0.03419328108429909,0.0,0.0,True,results/rl/final_benchmark/reliability_first_20260731/artifacts/rule_gate_center_then_commit__official_vertical_serpent__vertical_serpent__seed1801.trajectory.json,,
final_benchmark_episode_v1,bc_v3,bc,rl_multigate_controller,results/rl/multigate_longrun/bc_v3_balanced_v2_20260728/bc_v3.pt,True,False,official_vertical_serpent,vertical_serpent,official_vertical_serpent/vertical_serpent,marine_race_arena/tracks/marine_race_vertical_serpent.json,True,,27035,holdout,DNF,REFEREE_TERMINAL,False,9,17,False,,,125.0,,25,0,192,True,0,0,False,0,False,1,0,True,0,9,False,146.2559,5008,59.4102,1776.479,holoocean,0.1,none,850.0,0.02995525673031807,0.03050224669277668,0.048169586807489395,0.0007633587786259542,0.0,True,results/rl/final_benchmark/reliability_first_20260731/artifacts/bc_v3__official_vertical_serpent__vertical_serpent__seed27035.trajectory.json,,
final_benchmark_episode_v1,hybrid,hybrid,hybrid_gate_controller,results/rl_public/stage1/bc/model/best_model.pt,False,True,official_vertical_serpent,vertical_serpent,official_vertical_serpent/vertical_serpent,marine_race_arena/tracks/marine_race_vertical_serpent.json,True,,27035,holdout,FINISHED,FINISHED,True,17,17,True,297.1,297.1,0.0,17.476470588235294,0,0,0,False,0,0,False,0,False,0,0,False,0,,False,126.851,3100,84.5784,1119.444,holoocean,0.1,none,850.0,0.012963008135557175,0.008023503236472607,0.03149597719311714,0.0,0.0,True,results/rl/final_benchmark/reliability_first_20260731/artifacts/hybrid__official_vertical_serpent__vertical_serpent__seed27035.trajectory.json,,
final_benchmark_episode_v1,ppo_1000814,ppo,rl_multigate_controller,results\rl\multigate_reliability_first\r2_reliability_first_seed23001_c3_recovery_476525\checkpoints\ppo_1000814_steps.zip,True,False,official_vertical_serpent,vertical_serpent,official_vertical_serpent/vertical_serpent,marine_race_arena/tracks/marine_race_vertical_serpent.json,True,,27035,holdout,DNF,REFEREE_TERMINAL,False,3,17,False,,,360.0,,72,0,674,True,0,0,False,0,False,1,0,True,1,1,False,39.9213,1735,65.61,639.227,holoocean,0.1,none,850.0,0.020591283217072487,0.04243307560682297,0.042966607958078384,0.0,0.0,True,results/rl/final_benchmark/reliability_first_20260731/artifacts/ppo_1000814__official_vertical_serpent__vertical_serpent__seed27035.trajectory.json,,
final_benchmark_episode_v1,ppo_525678,ppo,rl_multigate_controller,results\rl\multigate_reliability_first\r2_reliability_first_seed23001_c3_recovery_476525\checkpoints\ppo_525678_steps.zip,True,False,official_vertical_serpent,vertical_serpent,official_vertical_serpent/vertical_serpent,marine_race_arena/tracks/marine_race_vertical_serpent.json,True,,27035,holdout,DNF,REFEREE_TERMINAL,False,1,17,False,,,30.0,,6,0,50,True,0,0,False,0,False,1,0,True,0,0,False,7.223,240,55.1861,125.629,holoocean,0.1,none,850.0,0.01905280537903309,0.05353104695677757,0.04842440411448479,0.0,0.0,True,results/rl/final_benchmark/reliability_first_20260731/artifacts/ppo_525678__official_vertical_serpent__vertical_serpent__seed27035.trajectory.json,,
final_benchmark_episode_v1,ppo_900462,ppo,rl_multigate_controller,results\rl\multigate_reliability_first\r2_reliability_first_seed23001_c3_recovery_476525\checkpoints\ppo_900462_steps.zip,True,False,official_vertical_serpent,vertical_serpent,official_vertical_serpent/vertical_serpent,marine_race_arena/tracks/marine_race_vertical_serpent.json,True,,27035,holdout,DNF,REFEREE_TERMINAL,False,1,17,False,,,40.0,,8,0,61,True,0,0,False,1,True,1,0,True,0,0,False,30.9323,900,60.0826,334.986,holoocean,0.1,none,850.0,0.019640978425741196,0.03293239697813988,0.04560850188136101,0.0,0.0,True,results/rl/final_benchmark/reliability_first_20260731/artifacts/ppo_900462__official_vertical_serpent__vertical_serpent__seed27035.trajectory.json,,
final_benchmark_episode_v1,rule_gate_center_then_commit,rule,rule_gate_center_then_commit,,False,False,official_vertical_serpent,vertical_serpent,official_vertical_serpent/vertical_serpent,marine_race_arena/tracks/marine_race_vertical_serpent.json,True,,27035,holdout,FINISHED,FINISHED,True,17,17,True,298.2,298.2,0.0,17.541176470588233,0,0,0,False,0,0,False,0,False,0,0,False,0,,False,128.9322,3072,28.7537,1029.838,holoocean,0.1,none,850.0,0.014218947850167751,0.010675612837076187,0.034133490175008774,0.0,0.0,True,results/rl/final_benchmark/reliability_first_20260731/artifacts/rule_gate_center_then_commit__official_vertical_serpent__vertical_serpent__seed27035.trajectory.json,,
final_benchmark_episode_v1,bc_v3,bc,rl_multigate_controller,results/rl/multigate_longrun/bc_v3_balanced_v2_20260728/bc_v3.pt,True,False,official_vertical_serpent,vertical_serpent,official_vertical_serpent/vertical_serpent,marine_race_arena/tracks/marine_race_vertical_serpent.json,True,,27036,holdout,DNF,REFEREE_TERMINAL,False,5,17,False,,,900.0,,177,0,1693,True,0,0,False,1,True,1,1,True,0,11,False,176.2503,8469,62.4003,3006.865,holoocean,0.1,none,850.0,0.03216712549328804,0.03307520970702171,0.04456578940153122,0.0006675567423230974,0.0,True,results/rl/final_benchmark/reliability_first_20260731/artifacts/bc_v3__official_vertical_serpent__vertical_serpent__seed27036.trajectory.json,,
final_benchmark_episode_v1,hybrid,hybrid,hybrid_gate_controller,results/rl_public/stage1/bc/model/best_model.pt,False,True,official_vertical_serpent,vertical_serpent,official_vertical_serpent/vertical_serpent,marine_race_arena/tracks/marine_race_vertical_serpent.json,True,,27036,holdout,RUNNING,TIME_LIMIT,False,13,17,False,,,0.0,,0,0,0,False,0,0,False,0,False,0,0,False,0,,True,148.3666,8501,94.5596,2873.112,holoocean,0.1,none,850.0,0.018664676696062088,0.011659867130219936,0.03430129960179329,0.0,0.0,True,results/rl/final_benchmark/reliability_first_20260731/artifacts/hybrid__official_vertical_serpent__vertical_serpent__seed27036.trajectory.json,,
final_benchmark_episode_v1,ppo_1000814,ppo,rl_multigate_controller,results\rl\multigate_reliability_first\r2_reliability_first_seed23001_c3_recovery_476525\checkpoints\ppo_1000814_steps.zip,True,False,official_vertical_serpent,vertical_serpent,official_vertical_serpent/vertical_serpent,marine_race_arena/tracks/marine_race_vertical_serpent.json,True,,27036,holdout,DNF,REFEREE_TERMINAL,False,1,17,False,,,0.0,,0,0,0,False,0,0,False,0,False,1,0,False,0,0,False,4.6599,117,58.1296,92.564,holoocean,0.1,none,850.0,0.017295246943831444,0.03460283204913139,0.04819941520690918,0.0,0.0,True,results/rl/final_benchmark/reliability_first_20260731/artifacts/ppo_1000814__official_vertical_serpent__vertical_serpent__seed27036.trajectory.json,,
final_benchmark_episode_v1,ppo_525678,ppo,rl_multigate_controller,results\rl\multigate_reliability_first\r2_reliability_first_seed23001_c3_recovery_476525\checkpoints\ppo_525678_steps.zip,True,False,official_vertical_serpent,vertical_serpent,official_vertical_serpent/vertical_serpent,marine_race_arena/tracks/marine_race_vertical_serpent.json,True,,27036,holdout,DNF,REFEREE_TERMINAL,False,6,17,False,,,150.0,,30,0,294,True,0,0,False,0,False,1,0,True,0,0,False,55.9912,1106,58.3477,444.093,holoocean,0.1,none,850.0,0.03337714448571205,0.026280228048563004,0.042056258767843246,0.0,0.0,True,results/rl/final_benchmark/reliability_first_20260731/artifacts/ppo_525678__official_vertical_serpent__vertical_serpent__seed27036.trajectory.json,,
final_benchmark_episode_v1,ppo_900462,ppo,rl_multigate_controller,results\rl\multigate_reliability_first\r2_reliability_first_seed23001_c3_recovery_476525\checkpoints\ppo_900462_steps.zip,True,False,official_vertical_serpent,vertical_serpent,official_vertical_serpent/vertical_serpent,marine_race_arena/tracks/marine_race_vertical_serpent.json,True,,27036,holdout,DNF,REFEREE_TERMINAL,False,13,17,False,,,345.0,,69,0,449,True,0,0,False,0,False,1,0,True,0,5,False,138.0613,4523,68.2222,1467.736,holoocean,0.1,none,850.0,0.02160002663731575,0.026654288172721863,0.048821039497852325,0.0048543689320388345,0.0,True,results/rl/final_benchmark/reliability_first_20260731/artifacts/ppo_900462__official_vertical_serpent__vertical_serpent__seed27036.trajectory.json,,
final_benchmark_episode_v1,rule_gate_center_then_commit,rule,rule_gate_center_then_commit,,False,False,official_vertical_serpent,vertical_serpent,official_vertical_serpent/vertical_serpent,marine_race_arena/tracks/marine_race_vertical_serpent.json,True,,27036,holdout,FINISHED,FINISHED,True,17,17,True,262.7,262.7,0.0,15.452941176470588,0,0,0,False,0,0,False,0,False,0,0,False,0,,False,127.4978,2729,29.623,954.683,holoocean,0.1,none,850.0,0.013827021233737469,0.00946600828319788,0.030444564297795296,0.0,0.0,True,results/rl/final_benchmark/reliability_first_20260731/artifacts/rule_gate_center_then_commit__official_vertical_serpent__vertical_serpent__seed27036.trajectory.json,,
final_benchmark_episode_v1,bc_v3,bc,rl_multigate_controller,results/rl/multigate_longrun/bc_v3_balanced_v2_20260728/bc_v3.pt,True,False,official_vertical_serpent,vertical_serpent,official_vertical_serpent/vertical_serpent,marine_race_arena/tracks/marine_race_vertical_serpent.json,True,,27037,holdout,DNF,REFEREE_TERMINAL,False,5,17,False,,,5.0,,1,0,9,True,0,0,False,0,False,1,0,True,0,1,False,42.5914,939,71.8498,422.912,holoocean,0.1,none,850.0,0.031218260526657104,0.027454465627670288,0.053496088832616806,0.013043478260869565,0.0,True,results/rl/final_benchmark/reliability_first_20260731/artifacts/bc_v3__official_vertical_serpent__vertical_serpent__seed27037.trajectory.json,,
final_benchmark_episode_v1,hybrid,hybrid,hybrid_gate_controller,results/rl_public/stage1/bc/model/best_model.pt,False,True,official_vertical_serpent,vertical_serpent,official_vertical_serpent/vertical_serpent,marine_race_arena/tracks/marine_race_vertical_serpent.json,True,,27037,holdout,FINISHED,FINISHED,True,17,17,True,400.79999999999995,485.79999999999995,85.0,23.576470588235292,17,0,154,True,0,0,False,0,False,0,0,True,0,,False,137.8026,4105,102.4913,1570.738,holoocean,0.1,none,850.0,0.015852030366659164,0.010648534633219242,0.031179014593362808,0.0,0.0,True,results/rl/final_benchmark/reliability_first_20260731/artifacts/hybrid__official_vertical_serpent__vertical_serpent__seed27037.trajectory.json,,
final_benchmark_episode_v1,ppo_1000814,ppo,rl_multigate_controller,results\rl\multigate_reliability_first\r2_reliability_first_seed23001_c3_recovery_476525\checkpoints\ppo_1000814_steps.zip,True,False,official_vertical_serpent,vertical_serpent,official_vertical_serpent/vertical_serpent,marine_race_arena/tracks/marine_race_vertical_serpent.json,True,,27037,holdout,DNF,REFEREE_TERMINAL,False,1,17,False,,,85.0,,17,0,132,True,0,0,False,0,False,1,0,True,0,0,False,7.9885,378,70.623,179.712,holoocean,0.1,none,850.0,0.022881194949150085,0.05039873719215393,0.04746119678020477,0.0,0.0,True,results/rl/final_benchmark/reliability_first_20260731/artifacts/ppo_1000814__official_vertical_serpent__vertical_serpent__seed27037.trajectory.json,,
final_benchmark_episode_v1,ppo_525678,ppo,rl_multigate_controller,results\rl\multigate_reliability_first\r2_reliability_first_seed23001_c3_recovery_476525\checkpoints\ppo_525678_steps.zip,True,False,official_vertical_serpent,vertical_serpent,official_vertical_serpent/vertical_serpent,marine_race_arena/tracks/marine_race_vertical_serpent.json,True,,27037,holdout,DNF,REFEREE_TERMINAL,False,3,17,False,,,45.0,,9,0,63,True,0,0,False,0,False,1,0,True,0,1,False,35.506,750,71.0986,279.679,holoocean,0.1,none,850.0,0.028484968468546867,0.028850525617599487,0.05703134462237358,0.0,0.0,True,results/rl/final_benchmark/reliability_first_20260731/artifacts/ppo_525678__official_vertical_serpent__vertical_serpent__seed27037.trajectory.json,,
final_benchmark_episode_v1,ppo_900462,ppo,rl_multigate_controller,results\rl\multigate_reliability_first\r2_reliability_first_seed23001_c3_recovery_476525\checkpoints\ppo_900462_steps.zip,True,False,official_vertical_serpent,vertical_serpent,official_vertical_serpent/vertical_serpent,marine_race_arena/tracks/marine_race_vertical_serpent.json,True,,27037,holdout,DNF,REFEREE_TERMINAL,False,5,17,False,,,0.0,,0,0,0,False,0,0,False,0,False,1,0,False,0,1,False,35.5181,632,66.4311,318.49,holoocean,0.1,none,850.0,0.02098376862704754,0.027204833924770355,0.05148303508758545,0.0,0.0,True,results/rl/final_benchmark/reliability_first_20260731/artifacts/ppo_900462__official_vertical_serpent__vertical_serpent__seed27037.trajectory.json,,
final_benchmark_episode_v1,rule_gate_center_then_commit,rule,rule_gate_center_then_commit,,False,False,official_vertical_serpent,vertical_serpent,official_vertical_serpent/vertical_serpent,marine_race_arena/tracks/marine_race_vertical_serpent.json,True,,27037,holdout,FINISHED,FINISHED,True,17,17,True,264.8,264.8,0.0,15.576470588235296,0,0,0,False,0,0,False,0,False,0,0,False,0,,False,127.1873,2751,35.1646,1049.659,holoocean,0.1,none,850.0,0.013764290139079094,0.009827520698308945,0.03194928914308548,0.0,0.0,True,results/rl/final_benchmark/reliability_first_20260731/artifacts/rule_gate_center_then_commit__official_vertical_serpent__vertical_serpent__seed27037.trajectory.json,,
